Nom,Prix,Site web,Catégorie,Date de collecte,Promotions
Non disponible,"1,549.00 Dhs",Jumia.ma,Multi-Function Printers,2025-02-05,11%
Non disponible,"2,959.00 Dhs",Jumia.ma,Laptops,2025-02-05,55%
Non disponible,"1,249.00 Dhs",Jumia.ma,Multi-Function Printers,2025-02-05,50%
Non disponible,"3,900.00 Dhs",Jumia.ma,Laptops,2025-02-05,Aucune
Non disponible,385.00 Dhs,Jumia.ma,External Hard Drives,2025-02-05,33%
Non disponible,"3,995.00 Dhs",Jumia.ma,Laptops,2025-02-05,1%
Non disponible,499.00 Dhs,Jumia.ma,Inkjet Printers,2025-02-05,38%
Non disponible,139.00 Dhs,Jumia.ma,PC Game Hardware,2025-02-05,44%
Non disponible,655.00 Dhs,Jumia.ma,Non spécifiée,2025-02-05,Aucune
Non disponible,"2,699.00 Dhs",Jumia.ma,Laptops,2025-02-05,64%
Non disponible,"3,999.00 Dhs",Jumia.ma,Laptops,2025-02-05,9%
Non disponible,"6,679.00 Dhs",Jumia.ma,Laptops,2025-02-05,26%
Non disponible,120.00 Dhs,Jumia.ma,Mac Game Hardware,2025-02-05,Aucune
Non disponible,"1,499.00 Dhs",Jumia.ma,Non spécifiée,2025-02-05,21%
Non disponible,99.00 Dhs,Jumia.ma,Mice,2025-02-05,34%
Non disponible,119.00 Dhs,Jumia.ma,Keyboards,2025-02-05,41%
Non disponible,149.00 Dhs,Jumia.ma,"Bags, Cases & Sleeves",2025-02-05,50%
Non disponible,"20,500.00 Dhs",Jumia.ma,Laptops,2025-02-05,15%
Non disponible,129.00 Dhs,Jumia.ma,PC Game Hardware,2025-02-05,Aucune
Non disponible,69.00 Dhs,Jumia.ma,PC Game Hardware,2025-02-05,43%
Non disponible,185.00 Dhs,Jumia.ma,"Bags, Cases & Sleeves",2025-02-05,47%
Non disponible,115.00 Dhs,Jumia.ma,Mice,2025-02-05,23%
Logitech K400 Plus Clavier sans Fil Touch TV avec Contrôle Média et Pavé Tactile- Noir,349.00 Dhs,Jumia.ma,Keyboards,2025-02-05,Aucune
"Logitech Pebble Keys 2 K380s clavier sans fil Bluetooth multidispositif, raccourcis personnalisables, fin et portable, Easy-Switch pour Windows, macOS, iPadOS, Android, ChromeOS- Rose",369.00 Dhs,Jumia.ma,Keyboards,2025-02-05,Aucune
Logitech Brio 100 Full HD Webcam USB - ROSE,399.00 Dhs,Jumia.ma,Webcams,2025-02-05,Aucune
Logitech G815 LIGHTSPEED RGB Mechanical Gaming Keyboard – GL Tactile - CARBON - FRA - USB - CENTRAL-419 - TACTILE SWITCH,"1,799.00 Dhs",Jumia.ma,Keyboards,2025-02-05,Aucune
Logitech H390 Usb Computer Headset - Noir,329.00 Dhs,Jumia.ma,Computer Headsets,2025-02-05,Aucune
XIAOMI WiFi Range Extender N300 – White,99.00 Dhs,Jumia.ma,Routers,2025-02-05,Aucune
XIAOMI Gaming Monitor G27i – Noir,"1,499.00 Dhs",Jumia.ma,Non spécifiée,2025-02-05,Aucune
"XIAOMI Mi LCD Writing Tablet 13.5"" - Blanc",99.00 Dhs,Jumia.ma,Graphics Tablets,2025-02-05,Aucune
Canon Jet d'encre Pixma TS3340 MFP Wifi,499.00 Dhs,Jumia.ma,Inkjet Printers,2025-02-05,Aucune
"Support pliable pour ordinateur Portable Mac et PC, en Aluminium, Support Antidérapant",57.00 Dhs,Jumia.ma,Mounts,2025-02-05,Aucune
"Logitech M171 Souris Sans Fil pour PC, Mac, Ordinateur portable, 2,4 GHz avec Mini-récepteur USB, Suivi Optique, Autonomie de Piles de 12 mois, Ambidextre- Noir",99.00 Dhs,Jumia.ma,Mice,2025-02-05,Aucune
"Logitech H111 Casque Filaire, Ecouteurs Stéréo avec Micro Anti-Parasite, Jack Audio 3,5mm, PC/Mac/Portable/Smartphone/Tablette - Noir",99.00 Dhs,Jumia.ma,Computer Headsets,2025-02-05,Aucune
"Tapis de Souris Pour PC Bureau, PC Portable",21.99 Dhs,Jumia.ma,Keyboard & Mice Accessories,2025-02-05,Aucune
mifoy Souris Gaming USB GM100 6 Boutons RGB Capteur Optique 1200 à 3200 DPI LED - Noir,89.00 Dhs,Jumia.ma,PC Game Hardware,2025-02-05,Aucune
"Toshiba Disque dur HDD 1TB / 1TO externe  "" 1000GB """,385.00 Dhs,Jumia.ma,External Hard Drives,2025-02-05,Aucune
Support pour pc portable en aluminium ajustables en 7 positions multifonction,59.99 Dhs,Jumia.ma,Lapdesks,2025-02-05,Aucune
mifoy M10 Souris Filaire Optique USB Effet Lumineuse RGB E-sport pour Ordinateur,49.00 Dhs,Jumia.ma,PC Game Hardware,2025-02-05,Aucune
Nia Casque Bluetooth Q1 avec Microphone Radio FM support Micro SD / Auxiliaire - noir,80.45 Dhs,Jumia.ma,Computer Headsets,2025-02-05,Aucune
Hub USB Hub Adaptateur Conception à 4 Ports USB 3.0 à Haute Vitesse,39.90 Dhs,Jumia.ma,USB-to-USB Adapters,2025-02-05,Aucune
"Souris rechargeable portable sans fil silencieuse compatible Bluetooth et USB 2,4 GHz.",79.00 Dhs,Jumia.ma,Mice,2025-02-05,Aucune
Razer Tapis de souris Crystals 900 x 300 MM Tapis gamer souris et clavier Gaming Mouse Pad,49.00 Dhs,Jumia.ma,Keyboard & Mice Accessories,2025-02-05,Aucune
"Casque Gamer Headset Gaming G9000 Lumière LED 3,5 mm Pour Telephone PS4 PC XBOX",139.00 Dhs,Jumia.ma,PC Game Hardware,2025-02-05,Aucune
SH 3200 DPI réglables et 7D LED Optique Souris de jeu filaire USB pour Gamer PC,65.00 Dhs,Jumia.ma,PC Game Hardware,2025-02-05,Aucune
"Mini clavier et souris sans fil Bluetooth pour PC, ipad, téléphone, tablette",149.00 Dhs,Jumia.ma,Keyboard & Mouse Combos,2025-02-05,Aucune
Western Digital Disque dur Externe 500GB - WD Elements™ - USB 3.0,219.00 Dhs,Jumia.ma,External Hard Drives,2025-02-05,Aucune
XIAOMI Mi Router 4C (White) - 1 an de garantie,149.00 Dhs,Jumia.ma,Routers,2025-02-05,Aucune
"Logitech MK270 Combo Clavier et Souris Sans Fil pour Windows, disposition française, Sans Fil 2,4 GHz, Souris Compacte, 8 Multidispositfs et Raccourcis Touches, Piles 2 Ans, PC et ordinateur portable",239.00 Dhs,Jumia.ma,Keyboard & Mouse Combos,2025-02-05,Aucune
Adaptateur hdmi vga - hdmi vert vga - hdmi to vga,39.00 Dhs,Jumia.ma,HDMI-to-VGA Adapters,2025-02-05,Aucune
mifoy Pack Combo Clavier de Jeu + Souris GM100 6 Boutons RGB Capteur Optique DPI LED,149.00 Dhs,Jumia.ma,PC Game Hardware,2025-02-05,Aucune
Royal JR 67 Souris de jeu a fil gaming Pro RGB LED 6400 Dpi Shifting 7boutons,129.00 Dhs,Jumia.ma,PC Game Hardware,2025-02-05,Aucune
"SH Pack gaming all in one 4 en 1 clavier gamer, souris 7 buttons + casque et tapis",299.00 Dhs,Jumia.ma,Keyboard & Mouse Combos,2025-02-05,Aucune
SH Pack Combo Gaming Clavier + Souris 7D USB RGB,210.00 Dhs,Jumia.ma,PC Game Hardware,2025-02-05,Aucune
Kingston Clé USB - 64GB - USB Pour Stockage - USB 3.2 - DataTraveler EXODIA,78.00 Dhs,Jumia.ma,USB Flash Drives,2025-02-05,Aucune
Jio Modem 4G LTE JioFi WD680+ WiFi Hotspot avec batterie 2100mAH 10 heures,190.00 Dhs,Jumia.ma,Modems,2025-02-05,Aucune
"Casque Pro Gaming V3 3.5mm stéréo basse profonde LED avec Micro PC, PS4, XBOX",199.00 Dhs,Jumia.ma,PC Game Hardware,2025-02-05,Aucune
Jedel Souris Gaming Sans fil Originale Mouse Optique Wireless,54.00 Dhs,Jumia.ma,Mice,2025-02-05,Aucune
"Cle Adaptateur Bluetooth 5.0 USB, Adaptateur Bluetooth - Pour Casque PC Bureau Portable Telephone",29.00 Dhs,Jumia.ma,Network Adapters,2025-02-05,Aucune
Otg Adaptateur OTG de type C à USB 3.0,24.99 Dhs,Jumia.ma,USB-to-USB Adapters,2025-02-05,Aucune
Hp PC GAMER i5 6éme Gén - 16GB RAM - 256GB SSD / 500GB HDD - NVIDIA GT 730 2GB - remis à neuf,"1,980.00 Dhs",Jumia.ma,Desktops,2025-02-05,Aucune
"Imice MK-X60 Clavier Gaming mécanique BLUE SWITCH, 87 touches, rétro-éclairage RGB Gamer",310.00 Dhs,Jumia.ma,PC Game Hardware,2025-02-05,Aucune
"Logitech MK270 Combo Clavier et Souris Sans Fil pour Windows, disposition française, Sans Fil 2,4 GHz, Souris Compacte, 8 Multidispositfs et Raccourcis Touches, Piles 2 Ans, PC et ordinateur portable",239.00 Dhs,Jumia.ma,Keyboard & Mouse Combos,2025-02-05,Aucune
"Logitech G502 HERO Souris Gaming Filaire Haute Performance, Capteur Gaming HERO 25K, 25 600 PPP, RVB, Poids Ajustable, 11 Boutons Programmables, Mémoire Intégrée, PC/Mac - Noir",499.00 Dhs,Jumia.ma,PC Game Hardware,2025-02-05,Aucune
"Logitech K120 Clavier Filaire pour Windows, USB Plug-and-Play, Taille Standard, Résistant Eclaboussures, Barre D'Espacement Incurvée, Compatible PC, Ordinateur Portable- Noir",89.00 Dhs,Jumia.ma,Keyboards,2025-02-05,Aucune
Sac à dos d'affaires USB multifonctionnel étanche voyage sac à dos pour pc plusieurs compartiments,210.00 Dhs,Jumia.ma,"Bags, Cases & Sleeves",2025-02-05,Aucune
"TP-Link CLE USB Bluetooth 5.0 pour PC , smartphone",133.00 Dhs,Jumia.ma,Network Adapters,2025-02-05,Aucune
Tapis de souris Repose-poignet souple pour ordinateur de bureau,39.00 Dhs,Jumia.ma,Keyboard & Mice Accessories,2025-02-05,Aucune
Hp Imprimante Tout-en-un sans fil HP Smart Tank 515,"1,249.00 Dhs",Jumia.ma,Multi-Function Printers,2025-02-05,Aucune
Sac à dos d'affaires USB multifonctionnel étanche voyage sac à dos pour pc -noir,277.00 Dhs,Jumia.ma,"Bags, Cases & Sleeves",2025-02-05,Aucune
"Jedel Clavier Mécanique KL-95 à lumière mixte, avec effet de lumière RGB personnalisé",289.00 Dhs,Jumia.ma,PC Game Hardware,2025-02-05,Aucune
Orico Clé Bluetooth 5.0 de Transmission Rapide à Longue Distance de 20M,49.00 Dhs,Jumia.ma,Network Adapters,2025-02-05,Aucune
Dml Casque Gamer  casque PC avec  son surround casque antibruit avec micro et lumière LED,145.00 Dhs,Jumia.ma,PC Game Hardware,2025-02-05,Aucune
Canon Cartouche CL-446 Color,199.00 Dhs,Jumia.ma,Inkjet Printer Ink,2025-02-05,Aucune
"Sandisk Clé USB 128GB V2.0 Flash Drive, Cruzer Blade DataTraveler",112.00 Dhs,Jumia.ma,USB Flash Drives,2025-02-05,Aucune
Hp PC PORTABLE HP ELITEBOOK 840 G5 8ÉME GÉN-CORE I5-8Go-256 Go SSD-Remise à neuf,"2,959.00 Dhs",Jumia.ma,Laptops,2025-02-05,Aucune
"Lenovo PC Portable ThinkPad T460 - 14"" - Intel Core i5 6ème Génération - 16GB RAM + 512GB SSD - Windows - Remis à neuf","2,599.00 Dhs",Jumia.ma,Laptops,2025-02-05,Aucune
Table PC Portable réglable et pliable avec Support Souris,169.99 Dhs,Jumia.ma,Lapdesks,2025-02-05,Aucune
"Sac pour pc portable, mallette pour pc, cartable, sacoche - 15 POUCES",99.00 Dhs,Jumia.ma,"Bags, Cases & Sleeves",2025-02-05,Aucune
Adaptateur Hight Qaulity Type C  4 in 1  HDMI+VGA+USB 3.0+DP,125.00 Dhs,Jumia.ma,HDMI-to-VGA Adapters,2025-02-05,Aucune
Jio Modem Super 4G+ LTE WiFi Hotspot 300Mbps avec batterie 2100mAH 10 heures,196.00 Dhs,Jumia.ma,Modems,2025-02-05,Aucune
Tapis de souris 4XL haute qualité pour PC bureau Noir+Eraser Cleaner+Sticker,88.00 Dhs,Jumia.ma,Keyboard & Mice Accessories,2025-02-05,Aucune
Pack Bouteilles d'encre adaptable GI-490 pour les imprimantes à rèservoires PIXMA G1400/G1410/G1411/G2410/G2400/G2411/G3400/G3410/G3411/G4400/G4411,145.00 Dhs,Jumia.ma,Inkjet Printer Ink,2025-02-05,Aucune
"Adaptateur HUB USB type-c 11 en 1 4K, HDMI VGA RJ45 Ethernet, SD/TF, 3.5MM, AUX",269.00 Dhs,Jumia.ma,USB-to-USB Adapters,2025-02-05,Aucune
"iboga Pack clavier,souris et tapis de souris Gamer Clavier RGB touches /Souris Gamer + sticker",139.00 Dhs,Jumia.ma,PC Game Hardware,2025-02-05,Aucune
Canon Imprimante PIXMA G3410 multifonction à réservoirs rechargeables,"1,549.00 Dhs",Jumia.ma,Multi-Function Printers,2025-02-05,Aucune
Logitech Souris Sans Fil M171 – Rose,99.00 Dhs,Jumia.ma,Mice,2025-02-05,Aucune
Tapis de souris Gaming,25.00 Dhs,Jumia.ma,Keyboard & Mice Accessories,2025-02-05,Aucune
XIAOMI Mi Router AX1800 GL (4 Antennes - Wifi 6) - 1 an de garantie,379.00 Dhs,Jumia.ma,Routers,2025-02-05,Aucune
"Support pliable pour ordinateur Portable Mac et PC, en Aluminium, Support Antidérapant",65.00 Dhs,Jumia.ma,Mounts,2025-02-05,Aucune
Hp Omen Housse imperméable PC Portable antichocs Solide 15.6 pouces,195.00 Dhs,Jumia.ma,"Bags, Cases & Sleeves",2025-02-05,Aucune
"XIAOMI Wifi Range Extender N300 , Répéteur Wifi Point d'accès 300Mbps",139.00 Dhs,Jumia.ma,Repeaters,2025-02-05,Aucune
Adaptateur USB Type C Vers HDMI 4k USB 3.0 Convertisseur Hub pour MacBook Pro,75.00 Dhs,Jumia.ma,HDMI-to-VGA Adapters,2025-02-05,Aucune
WD Western Digital - Elements Disque Dur Externe Portable 500 GB USB 3.0,230.00 Dhs,Jumia.ma,External Hard Drives,2025-02-05,Aucune
Razer Tapis de souris goliathus 900 x 300 MM Tapis gamer souris et clavier Gaming Mouse Pad,80.00 Dhs,Jumia.ma,Keyboard & Mice Accessories,2025-02-05,Aucune
"One Hand Gaming Keyboard and Mouse Combo, 39 Keys PUBG Keycap Version Wired Mechanical Feel Rainbow Backlit",183.00 Dhs,Jumia.ma,PC Game Hardware,2025-02-05,Aucune
Dml Casque Gaming Switch avec Micro Anti Bruit Filaire LED Lampe Stéréo Bass,145.00 Dhs,Jumia.ma,PC Game Hardware,2025-02-05,Aucune
TONER MLT-D111S -Toner Laser Haute Qualite reference MLT-D111S Pour SAMSUNG XPRESS M2020 jusqu'as 1 000 pages,135.00 Dhs,Jumia.ma,Laser Printer Drums & Toner,2025-02-05,Aucune
Sac a Dos PC Portable Cartable classique pour Voyage Affaire Scolaire,247.00 Dhs,Jumia.ma,"Bags, Cases & Sleeves",2025-02-05,Aucune
Souris Gamer Professionnelle 3200 DPI a 7 boutons + Tapis offert,95.00 Dhs,Jumia.ma,PC Game Hardware,2025-02-05,Aucune
Jedel Souris Filaire Optique USB 3D pour Ordinateur Lumineuse RGB,36.00 Dhs,Jumia.ma,PC Game Hardware,2025-02-05,Aucune
"Mini lecteur de carte mémoire Flash TF, USB 2.0, Micro SD, adaptateur pour pc",12.00 Dhs,Jumia.ma,Memory Card Readers,2025-02-05,Aucune
"Kingston Originale SSD 480GB (2.5""SATA 3) améliore et réactivité du système transferts fichiers plus rapide",465.00 Dhs,Jumia.ma,Internal Hard Drives,2025-02-05,Aucune
"Toshiba Disque dur externe HDD 320Go - 2.5"" - SATA 6GB/S - 7200 RPM 32Mo",129.00 Dhs,Jumia.ma,External Hard Drives,2025-02-05,Aucune
"Hp PC Portable HP Probook 640 G1 Core i3 4eme 320Gb 4GB RAM 14"" remis a neuf","1,690.00 Dhs",Jumia.ma,Laptops,2025-02-05,Aucune
mifoy GM100 Souris de jeu gamer PRO RGB Capteur Optique 1200 à 3200 DPI LED 6 boutons,89.00 Dhs,Jumia.ma,PC Game Hardware,2025-02-05,Aucune
"Repeteur wifi amplificateur 300 MB, Extender Long Range Wi-Fi Signal Amplifier",119.00 Dhs,Jumia.ma,Repeaters,2025-02-05,Aucune
"Hp Ultraportable EliteBook 840 G3 - 14"" - 8GB + 500GB - Intel Core i5 6ème Génération - Remis à neuf","2,374.05 Dhs",Jumia.ma,Laptops,2025-02-05,Aucune
Câble Réseau Ethernet RJ45  CAT6 20 Mètre,75.00 Dhs,Jumia.ma,Ethernet Cables,2025-02-05,Aucune
Hp PC GAMER i5 4éme Gén - 16GB RAM - 500GB HDD - NVIDIA GT 710 2GB - Windows 10 - remis à neuf,"1,790.00 Dhs",Jumia.ma,Desktops,2025-02-05,Aucune
Câble Adaptateur DP pour Display port mâle vers HDMI Femelle - Noir,49.00 Dhs,Jumia.ma,HDMI-to-VGA Adapters,2025-02-05,Aucune
Adaptateur VGA to HDMI Full HD - Convertisseur VGA vers HDMI,61.00 Dhs,Jumia.ma,HDMI-to-VGA Adapters,2025-02-05,Aucune
Support pour pc portable en aluminium ajustables en 7 positions multifonction,63.00 Dhs,Jumia.ma,Lapdesks,2025-02-05,Aucune
Western Digital Disque dur Externe 500GB - WD Elements™ - USB 3.0,219.00 Dhs,Jumia.ma,External Hard Drives,2025-02-05,Aucune
Jedel Clavier Gamer 26 Touches Anti-conflit US-Layout Clavier Mécanique-look avec LED,94.00 Dhs,Jumia.ma,PC Game Hardware,2025-02-05,Aucune
"Smartedge Adventures Sac à dos 'Explore' pour pc portable 15.6"" Noir",249.00 Dhs,Jumia.ma,"Bags, Cases & Sleeves",2025-02-05,Aucune
"Mini clavier et souris sans fil Bluetooth pour PC, iPad, téléphone, tablette",149.00 Dhs,Jumia.ma,Keyboard & Mouse Combos,2025-02-05,Aucune
DELL Chargeur  Pc Portable Original 19.5V / 6.7A / 130W  Adaptateur AC - LA130PM121,119.00 Dhs,Jumia.ma,Chargers & Adapters,2025-02-05,Aucune
USB-C / Type-C 3.1 Male to Male Extension Data Transmit and fast charge 2M,79.00 Dhs,Jumia.ma,USB Cables,2025-02-05,Aucune
"Canon PG-445 EMB - Cartouche d'Encre, Produit Original - Noir/Black",222.00 Dhs,Jumia.ma,Inkjet Printer Ink,2025-02-05,Aucune
"DELL Optiplex 3020 MT Intel® Core™ i5- 4th Gen - RAM 8Go , HDD  500Go (Remis à Neuf)",749.00 Dhs,Jumia.ma,Desktops,2025-02-05,Aucune
Epson EcoTank L3250 Imprimante WiFi multifonction à réservoirs rechargeables,"1,789.00 Dhs",Jumia.ma,Multi-Function Printers,2025-02-05,Aucune
"Tapis de souris clavier Gamer, RAZER Goliathus, pour ordinateur de bureau",79.00 Dhs,Jumia.ma,Keyboard & Mice Accessories,2025-02-05,Aucune
cartable sac a dos swiss gear original,299.00 Dhs,Jumia.ma,"Bags, Cases & Sleeves",2025-02-05,Aucune
Hp PC PORTABLE ELITEBOOK 840 G5 8ÉME GÉN-CORE I5-8Go-256 Go SSD-Remis à neuf,"2,999.00 Dhs",Jumia.ma,Laptops,2025-02-05,Aucune
XIAOMI Souris Sans Fil Lite 2.4GHz,99.00 Dhs,Jumia.ma,Mice,2025-02-05,Aucune
"Logitech M185 Souris Sans Fil, 2.4 GHz avec Mini Récepteur USB, Longévité de la Pile 12 Mois, Résolution du Capteur 1000 PPP, Ambidextre, Compatible PC, Mac, Ordinateur Portable- Gris",119.00 Dhs,Jumia.ma,Mice,2025-02-05,Aucune
"Sac à dos de voyage, bag d'affaires + port USB, sac scolaire, Cartable pour PC",179.00 Dhs,Jumia.ma,"Bags, Cases & Sleeves",2025-02-05,Aucune
Câble Réseau Ethernet RJ45  CAT6 15 Mètre,65.00 Dhs,Jumia.ma,Ethernet Cables,2025-02-05,Aucune
Hp PRODESK 600 G1 Tour  i5 - 4590 3.30Ghz - 8Go - 500Go -WIN 10Pro Remis A Neuf,950.00 Dhs,Jumia.ma,Desktops,2025-02-05,Aucune
Adaptateur USB 2.0/3.0 vers 2.5 Sata-III Disque Dur-SSD-,60.00 Dhs,Jumia.ma,USB Cables,2025-02-05,Aucune
Jedel GH-201 RGB CASQUE STÉRÉO GAMING/CÂBLE TRESSÉ/ AVEC MIC 3.5MM,199.00 Dhs,Jumia.ma,PC Game Hardware,2025-02-05,Aucune
Hp 15.6″ - EliteBook 840  - 16Go Ram  - 512 SSD - Windows - Silver - Clavier Qwerty,"2,999.00 Dhs",Jumia.ma,Laptops,2025-02-05,Aucune
Hp PC GAMER i5 6éme Gén - 16GB RAM - 256GB SSD / 500GB HDD - NVIDIA NVS 510 2GB - Razer Deathadder Chroma - remis à neuf,"1,960.00 Dhs",Jumia.ma,Desktops,2025-02-05,Aucune
"Adaptateur HDMI vers VGA 1080P, Convertisseur HDMI Mâle à VGA",39.99 Dhs,Jumia.ma,HDMI-to-VGA Adapters,2025-02-05,Aucune
mifoy Pack Combo Clavier Gaming + Souris USB M10 RGB Backlighting effect pour PC,149.00 Dhs,Jumia.ma,PC Game Hardware,2025-02-05,Aucune
"Logitech H340 Casque Filaire, Ecouteurs Stéréo avec Micro Rotatif Anti-Parasites, USB, PC/Mac/Portable/Chromebook - Noir",269.00 Dhs,Jumia.ma,Computer Headsets,2025-02-05,Aucune
"Jedel Souris gamer RGB et 1600 DPI réglables, ergonomique et légère sticker",39.00 Dhs,Jumia.ma,PC Game Hardware,2025-02-05,Aucune
"8.5'' Tablette de dessin graphique avec stylet tactile, jouet pour enfants",29.00 Dhs,Jumia.ma,Graphics Tablets,2025-02-05,Aucune
"Logitech Pebble Keys 2 K380s clavier sans fil Bluetooth multidispositif, raccourcis personnalisables, fin et portable, Easy-Switch pour Windows, macOS, iPadOS, Android, ChromeOS- Noir",369.00 Dhs,Jumia.ma,Keyboards,2025-02-05,Aucune
Hp PC GAMER i5 4éme Gén - 16GB RAM - 256GB SSD/500GB HDD - NVIDIA GT 730 2GB - Windows 10 - remis à neuf,"1,780.00 Dhs",Jumia.ma,Desktops,2025-02-05,Aucune
"Lecteur de carte mémoire USB 2.0, Cartes SD/Micro SD/TF haute vitesse",67.00 Dhs,Jumia.ma,Memory Card Readers,2025-02-05,Aucune
Jedel gaming keyboard k-590clavier blaklighit Clavier USB Gaming LED,94.00 Dhs,Jumia.ma,Keyboards,2025-02-05,Aucune
"Casque filaire HD voix 3.5mm avec Microphone,Pour étudiants, PC Bureau, PC Portable, Téléphone",69.00 Dhs,Jumia.ma,Computer Headsets,2025-02-05,Aucune
"Adaptateur DVI HDMI, Connecteur DVI D 24+1 Mâle vers HDMI Femelle Support 1080P",29.00 Dhs,Jumia.ma,DVI-HDMI Adapters,2025-02-05,Aucune
Lenovo 14'' - Thinkpad-L430 - 8Go Ram  - 500 SSD - Windows - Noir - Clavier Azerty,"1,699.00 Dhs",Jumia.ma,Laptops,2025-02-05,Aucune
General Seringue pâte thermique 30 grammes pour processeur CPU PC Refroidisseur,32.00 Dhs,Jumia.ma,Fans & Cooling,2025-02-05,Aucune
"Boîtier pour disque dur externe SSD, 2.5 pouces, USB 2.0 à SATA, 480Mbps Support 1To",65.00 Dhs,Jumia.ma,Hard Drive Enclosures,2025-02-05,Aucune
Tapis de souris neon rog 900 x 300 MM tapis gamer souris et clavier Gaming Mouse Pad,71.00 Dhs,Jumia.ma,Keyboard & Mice Accessories,2025-02-05,Aucune
"Cle Adaptateur Bluetooth 5.0 USB, Adaptateur Bluetooth",25.00 Dhs,Jumia.ma,Network Adapters,2025-02-05,Aucune
Onikuma CW903 Souris de jeu a fil gaming Pro RGB LED 6400 Dpi Shifting 7 boutons,98.00 Dhs,Jumia.ma,PC Game Hardware,2025-02-05,Aucune
"Sac pour pc portable, mallette pour pc, cartable, sacoche - 14 POUCES",99.00 Dhs,Jumia.ma,"Bags, Cases & Sleeves",2025-02-05,Aucune
"Télécommande C120 Air Mouse 2.4GHz Wireless Mini clavier pour Android,TV,Windows",49.00 Dhs,Jumia.ma,Remote Controls,2025-02-05,Aucune
High Speed 4 Port USB 3.0 Multi HUB Splitter Expansion USB,49.00 Dhs,Jumia.ma,USB-to-USB Adapters,2025-02-05,Aucune
Adaptateur USB 3.0 vers HDMI + VGA et audio,145.00 Dhs,Jumia.ma,HDMI-to-VGA Adapters,2025-02-05,Aucune
"Imice Clavier GAMER, Souris Combo Gamer filaire RGB LED rétroéclairé USB - AN-300",135.00 Dhs,Jumia.ma,Keyboard & Mouse Combos,2025-02-05,Aucune
Tapis de souris 4XL haute qualité pour PC bureau Ryzen+Eraser Cleaner +Sticker,59.00 Dhs,Jumia.ma,Keyboard & Mice Accessories,2025-02-05,Aucune
"Support pliable pour ordinateur Portable Mac et PC, en Aluminium, Support Antidérapant",156.00 Dhs,Jumia.ma,Lapdesks,2025-02-05,Aucune
Jedel Souris de jeu a fil gaming mouse  RGB LED M80,53.00 Dhs,Jumia.ma,PC Game Hardware,2025-02-05,Aucune
Grand Tapis souris clavier Gamer haute qualité pour PC bureau Rog-Zephy Sticker,59.00 Dhs,Jumia.ma,Keyboard & Mice Accessories,2025-02-05,Aucune
TAPIS DE SOURIS NOIR ANTIDÉRAPANTE CARBON,22.00 Dhs,Jumia.ma,Keyboard & Mice Accessories,2025-02-05,Aucune
Pack de jeu mobile 4 en 1 convertisseur Bluetooth ( Android / IOS ),290.00 Dhs,Jumia.ma,PC Game Hardware,2025-02-05,Aucune
"Clavier de Jeu QWERTY USB Rgb Led R260 pour PC Gamer, Bureau - Noir",99.00 Dhs,Jumia.ma,PC Game Hardware,2025-02-05,Aucune
GameYes Clavier Gamer Clavier Gaming RGB Retro-Eclairé ( AZERTY ),115.00 Dhs,Jumia.ma,PC Game Hardware,2025-02-05,Aucune
Canon Cartouches d'encre PG-445 Noir + CL-446 Tri-Color - Produits Authentiques,469.00 Dhs,Jumia.ma,Non spécifiée,2025-02-05,Aucune
"Logitech F310 Manette de Jeu Filaire, Configuration Type Console, Croix Directionnelle 4 Switchs, Prise en Main Confortable, Câble 1,8m, PC - Bleu/Gris",199.00 Dhs,Jumia.ma,PC Game Hardware,2025-02-05,Aucune
Lettreant de clavier arabe pour PC et ordinateur portable Noir,9.00 Dhs,Jumia.ma,Keyboard & Mice Accessories,2025-02-05,Aucune
"Adaptateur Multiport Type C 6 IN 1-HDMI 4K,Port USB 3.0,SD/TF, PD..Compatible avec MacBook",219.00 Dhs,Jumia.ma,USB-to-USB Adapters,2025-02-05,Aucune
"Recharge Poudre Laser Compatible Pour HP (1kg/1,000g) la liste des marque sur la Description",260.00 Dhs,Jumia.ma,Inkjet Printer Ink,2025-02-05,Aucune
"Jedel Casque Gamer RGB, Mic, Headset Gaming Anti Bruit GH200 - Telephone PS4 PC XBOX",135.00 Dhs,Jumia.ma,PC Game Hardware,2025-02-05,Aucune
Epson EcoTank L3250  WiFi à réservoirs rechargeables (impression/copie/scan),"1,799.00 Dhs",Jumia.ma,Inkjet Printers,2025-02-05,Aucune
Adaptateur USB 3.0 De Type-C,30.60 Dhs,Jumia.ma,USB-to-USB Adapters,2025-02-05,Aucune
Mini Clavier sans Fil 2.4GHz pavé numérique 18 Touches Compatible PC et Mac,95.00 Dhs,Jumia.ma,Keyboards,2025-02-05,Aucune
Jedel K590 LED RGB Backlight Wired Gaming Keyboard AZERTY,89.00 Dhs,Jumia.ma,PC Game Hardware,2025-02-05,Aucune
"Casque Bluetooth V5.0 sans fil, 400 mAh 12 heures de Musique et sport",82.10 Dhs,Jumia.ma,Computer Headsets,2025-02-05,Aucune
Tapis de souris fluide et souple Noir Antidérapant carbon,21.50 Dhs,Jumia.ma,Keyboard & Mice Accessories,2025-02-05,Aucune
Hp Pack cartouche d'origine 305 Noir + 305 Couleur,356.00 Dhs,Jumia.ma,Inkjet Printer Ink,2025-02-05,Aucune
Casque Bluetooth Sans Fil écouteur anti bruit STN-01,82.21 Dhs,Jumia.ma,Computer Headsets,2025-02-05,Aucune
Casque Filaire USB Avec Micro Pour Centre D'appels De Bureau sans bruit,189.00 Dhs,Jumia.ma,Computer Headsets,2025-02-05,Aucune
"Mini souris optique filaire, USB, haute qualité, pour pc bureau et pc portable/",19.00 Dhs,Jumia.ma,PC Game Hardware,2025-02-05,Aucune
"Seagate Disque Dur HDD 3.5"" SATA 2TB pour PC Bureau / DVR ...",480.00 Dhs,Jumia.ma,Internal Hard Drives,2025-02-05,Aucune
Câble iphone type-c  De Chargement De Données type-c pour iPhone 6 6S 7 8 Plus X XR XS 11 Pro Max 5 S 5C 5 SE iPad mini 2 3 Rapide Câbles de Chargeur type-c,34.00 Dhs,Jumia.ma,USB Cables,2025-02-05,Aucune
"Chargeur 12 V 3V 4.5V 6V 7.5V 9V, Adaptateur universel AC DC 3.0 A, 6 prises",69.00 Dhs,Jumia.ma,Chargers & Adapters,2025-02-05,Aucune
Jedel Souris Optique à 3 Boutons -Sans fil 2.4Mhz 1000 dpi haute résolution -Bluetooth,56.00 Dhs,Jumia.ma,Mice,2025-02-05,Aucune
Cartable PC Antivol Qualité Supérieure,139.99 Dhs,Jumia.ma,"Bags, Cases & Sleeves",2025-02-05,Aucune
"Apple MacBook Air 13 2015 - 13.3"" - Intel Core i5 - 4GB RAM + 128GB SSD - Windows - Remis à neuf","2,999.00 Dhs",Jumia.ma,Laptops,2025-02-05,Aucune
Sacoche ordinateur Case Cover sac Pour PC portable 14 pouces pochet,89.00 Dhs,Jumia.ma,"Bags, Cases & Sleeves",2025-02-05,Aucune
Handboss Bouteille 650ml Nettoyage Mousse universelle Agent spray PC Surface Cleaner,48.00 Dhs,Jumia.ma,Compressed Air Dusters,2025-02-05,Aucune
TP-Link TL-WN722N Adaptateur USB Wi-Fi à Gain Elevé 150 Mbps Antenne 4dBi,145.00 Dhs,Jumia.ma,Network Adapters,2025-02-05,Aucune
SH Souris de jeu gamer PRO RGB Capteur Optique 1200 à 3200 DPI LED 6 boutons,79.00 Dhs,Jumia.ma,PC Game Hardware,2025-02-05,Aucune
"Dml Casque Gamer Gaming, Jack + USB, RGB Lumiere LED - Pour PC, PS3, PS4, XBOX - Haute Qualité",139.00 Dhs,Jumia.ma,PC Game Hardware,2025-02-05,Aucune
"Casque Pro Gaming RGB filaire jack 3.5mm + USB stéréo basse LED avec Micro PC, PS4, PS5, XBOX",130.00 Dhs,Jumia.ma,Computer Headsets,2025-02-05,Aucune
"Support Adaptateur USB C 8 en 1 Type C 3.1 à 4K, HDMI avec RJ45 Hub",179.00 Dhs,Jumia.ma,USB-to-USB Adapters,2025-02-05,Aucune
Razer Tapis de souris 4XL haute qualité pour PC et bureau goliathus +Sticker cadeau,75.00 Dhs,Jumia.ma,Keyboard & Mice Accessories,2025-02-05,Aucune
AZATECH USB Wifi  Adaptateur 2.4 GHz 150 Mbps USB 2.0 Wifi d'ongle avec Antenne,69.00 Dhs,Jumia.ma,Network Adapters,2025-02-05,Aucune
XIAOMI Souris sans fil 1000 DPI 2.4GHz Wireless Mouse Lite,94.00 Dhs,Jumia.ma,Mice,2025-02-05,Aucune
"Câble téléphonique RJ11 - Cordon Téléphone Fix ADSL 1,5M 3M 5M 10M 15M metres",29.00 Dhs - 129.00 Dhs,Jumia.ma,Ethernet Cables,2025-02-05,Aucune
Hp PC GAMER i5 6éme Gén - 16GB RAM - 256GB SSD / 500GB HDD - NVIDIA GT 710 2GB - Windows 10 - remis à neuf,"2,480.00 Dhs",Jumia.ma,Desktops,2025-02-05,Aucune
"Toshiba Disque Dur externe 1 TB USB 2.5"" Fast Speed pour Pc",380.00 Dhs,Jumia.ma,External Hard Drives,2025-02-05,Aucune
"Logitech M240 Souris Bluetooth, Sans fil, Compacte, Portable, Suivi fluide, Batterie 18 mois, Windows, macOS, ChromeOS, Convient à PC, Mac, Ordinateur portable, Tablettes- Blanc",179.00 Dhs,Jumia.ma,Mice,2025-02-05,Aucune
"Cartable Sac à Dos pour PC Portable Ordinateur, Multi Poches,USB Telephone -Noir",149.00 Dhs,Jumia.ma,"Bags, Cases & Sleeves",2025-02-05,Aucune
"Arduino Kit de démarrage RFID pour Arduino UNO R3 Version mise à niveau Kit d'apprentissage, Atelier FabLab",489.00 Dhs,Jumia.ma,Non spécifiée,2025-02-05,Aucune
"Hub USB type C, Adaptateur à 4 Ports USB 3.0 à Haute Vitesse et USB 2.0",69.00 Dhs,Jumia.ma,USB-to-USB Adapters,2025-02-05,Aucune
Hp DeskTop - Core I5-4590 ( 3.3 Ghz ) 16GB Ram + 256GB SSD + 500GB HDD Remis à neuf,"1,299.00 Dhs",Jumia.ma,Desktops,2025-02-05,Aucune
Casque Gaming 7.1 USB Micro Premium Anti Bruit Audio Stéréo Basse LED PC X-BOX,129.00 Dhs,Jumia.ma,PC Game Hardware,2025-02-05,Aucune
85A / Canon 725 - Toner générique équivalent au modèle HP CE285A / Canon 725 noir,99.00 Dhs,Jumia.ma,Laser Printer Drums & Toner,2025-02-05,Aucune
Câble Réseau Ethernet RJ45  CAT6 LAN,25.00 Dhs - 150.00 Dhs,Jumia.ma,Ethernet Cables,2025-02-05,Aucune
Hp EliteBook 840 14Pouce G3 Core i5 6eme Grd 8Go DDR4-256 M.2 SSD Remis a Neuf,"2,699.00 Dhs",Jumia.ma,Laptops,2025-02-05,Aucune
Table Laptop Ajustable T8 Avec Ventilation Refroidissement 360° +support souris,169.99 Dhs,Jumia.ma,Lapdesks,2025-02-05,Aucune
Sac à Dos Anti-Vol pour Ordinateur Portable Voyage Collège Port de Charge USB,299.00 Dhs,Jumia.ma,"Bags, Cases & Sleeves",2025-02-05,Aucune
Adapter 8 in 1 USB C Hub Multi-Port Type C Adapter with 4K HDMI USB 3.0 Port,197.00 Dhs,Jumia.ma,USB-to-USB Adapters,2025-02-05,Aucune
X LEADER Clavier d'ordinateur Azerty Français-Arabe - Clavier USB - Clavier de bureau,49.90 Dhs,Jumia.ma,Keyboards,2025-02-05,Aucune
"DELL PC Portable Latitude E6520 - 15.6"" - Intel Core i5 - 4GB RAM + 250GB HDD - Windows + Souris et Cartable Gratuit - AZERTY - Remis à neuf","1,599.00 Dhs",Jumia.ma,Laptops,2025-02-05,Aucune
"Azami Tech Souris sans fil,rechargeable et silencieuse,Bluetooth éclairage LED RGB+Stickers Gratuit",89.00 Dhs,Jumia.ma,Mice,2025-02-05,Aucune
HDMI adaptateurs-DisplayPort-to-HDMI,49.00 Dhs,Jumia.ma,DVI-HDMI Adapters,2025-02-05,Aucune
Imice A9 Souris Filaire Gaming USB De Jeu Ordinateur De Bureau Et Portable RGB LIGHT,65.00 Dhs,Jumia.ma,PC Game Hardware,2025-02-05,Aucune
Adaptateur VGA Male vers HDMI Output 1080P HD+ Audio,65.00 Dhs,Jumia.ma,HDMI-to-VGA Adapters,2025-02-05,Aucune
WDLINK Imprimante thermique Ticket 80mm Original,699.99 Dhs,Jumia.ma,Label Printers,2025-02-05,Aucune
Wacom Intuos Tablette Graphique - Petite (CTL-4100K-S),840.00 Dhs,Jumia.ma,Graphics Tablets,2025-02-05,Aucune
Jedel Pack Combo Gaming Clavier + Souris USB Filaire RGB Backlighting effect,129.00 Dhs,Jumia.ma,PC Game Hardware,2025-02-05,Aucune
GameYes Clavier Gamer USB Clavier Gaming RGB Retro-Eclairé ( AZERTY ),117.00 Dhs,Jumia.ma,PC Game Hardware,2025-02-05,Aucune
Sac à dos d'affaires USB multifonctionnel étanche voyage sac à dos pour pc,289.00 Dhs,Jumia.ma,"Bags, Cases & Sleeves",2025-02-05,Aucune
Sac à dos d'affaires USB multifonctionnel étanche voyage sac à dos pour pc,289.00 Dhs,Jumia.ma,"Bags, Cases & Sleeves",2025-02-05,Aucune
"Support PC Portable Réglable en Aluminium, Rehausseur d'ordinateur Notebook Macbook",246.00 Dhs,Jumia.ma,Mounts,2025-02-05,Aucune
Tapis de souris XXL pour le bureau mousepad+Stickers Gratuit,69.00 Dhs,Jumia.ma,Keyboard & Mice Accessories,2025-02-05,Aucune
4 Bouteilles d'encre compatible avec les imprimantes a reservoire PIXMA G1400/G1410/G1411/G2410/G2400/G2411/G3400/G3410/G3411/G4400/G4411,145.00 Dhs,Jumia.ma,Inkjet Printer Ink,2025-02-05,Aucune
manette pc filaire usb pour bureau PC gaming - Fonction vibration Gamepad Warrior Manette,58.00 Dhs,Jumia.ma,PC Game Hardware,2025-02-05,Aucune
Canon Pack Cartouches 445 Noir + 446 Couleur,529.00 Dhs,Jumia.ma,Inkjet Printer Ink,2025-02-05,Aucune
Hub USB HUB 3.0,42.00 Dhs,Jumia.ma,USB-to-USB Adapters,2025-02-05,Aucune
4k USB Adaptateur HDMI Type-C- adaptateur 4k,79.00 Dhs,Jumia.ma,USB-to-USB Adapters,2025-02-05,Aucune
Laptop stand Support ordinateur portable en alliage d'aluminium réglable et pliable,78.00 Dhs,Jumia.ma,Mounts,2025-02-05,Aucune
Jedel la nouvelle haute qualité  originale Jedel Souris Gamer Sans fil,65.00 Dhs,Jumia.ma,Mice,2025-02-05,Aucune
"Xtrike Casque gamer a son surround 7.1 RGB 50 MM en Metal haute performance PC PS4/PS5, XBOX",339.00 Dhs,Jumia.ma,PC Game Hardware,2025-02-05,Aucune
TP-Link Point d'accès Wi-Fi - 300 Mbps Multi-Mode TL-WR844N,195.00 Dhs,Jumia.ma,Wireless Access Points,2025-02-05,Aucune
"Sandisk X300s SD7SB3Q SSD 128Go (2,5"") SATA III 6Gbps",220.00 Dhs,Jumia.ma,Internal Hard Drives,2025-02-05,Aucune
Manette De Jeu Filaire USB pour PC - Manette USB pour PC NOIR,58.00 Dhs,Jumia.ma,PC Game Hardware,2025-02-05,Aucune
"Hdmi Câble Splitter 3 en 1 entré HDMI 3 sortie  4K HDTV Switch Adapter, Séparateur HDMI Splitter",78.00 Dhs,Jumia.ma,DVI-HDMI Adapters,2025-02-05,Aucune
Chargeur Pour MacBook Pro 60 W,249.00 Dhs,Jumia.ma,Chargers & Adapters,2025-02-05,Aucune
"Adaptateur USB vers RJ45 , Adapter USB to RJ45",54.00 Dhs,Jumia.ma,Network Adapters,2025-02-05,Aucune
XIAOMI Original WIFI Repetiteur Point d'acces Global Version 300Mbps 2.4GHz contrôle d'application Intelligent 4 antennes Wifi Repeater,199.00 Dhs,Jumia.ma,Routers,2025-02-05,Aucune
Pvc (Pack de 230) carte PVC Vierge carte jawaz passe sanitaire Carte d'identité Carte de crédit pour imprimante Epson l805 (Pack de 230),249.00 Dhs,Jumia.ma,Inkjet Printers,2025-02-05,Aucune
"Fujitsu Siemens Esprimo Q920 Micro Tiny - Core I5-4570T - RAM 8GO , HDD 500GO ( Remis à Neuf )",799.00 Dhs,Jumia.ma,Desktops,2025-02-05,Aucune
Adaptateur 8en1 Type-C Vers PD HDTV HDMI 4K RJ45 USB 3.0/3.1 Carte SD/TF MacBook,175.30 Dhs,Jumia.ma,HDMI-to-VGA Adapters,2025-02-05,Aucune
"SODO Casque Bluetooth 1008  V5.0 sans fil,400 mAh 8 heures d'Appels et de Musique",118.00 Dhs,Jumia.ma,Computer Headsets,2025-02-05,Aucune
Orico Original Pochette de protection disque dur externe haute qualité,69.00 Dhs,Jumia.ma,Hard Drive Bags & Cases,2025-02-05,Aucune
Onikuma CW905 Souris de jeu a fil gaming Pro RGB LED 6400 Dpi,109.00 Dhs,Jumia.ma,PC Game Hardware,2025-02-05,Aucune
"Canon PG-445 EMB - Cartouche d'Encre, Produit Original - Noir/Black",215.00 Dhs,Jumia.ma,Inkjet Printer Ink,2025-02-05,Aucune
"Polytoner Toner 44A / CF244A Compatible avec les imprimantes laser HP LaserJet Pro M15, M15a, M15w, M16, M16a, M16w, M17, M17a, M17w, MFP M28, MFP M28a, MFP M28w, MFP M29, MFP M29a, MFP M29w.",149.00 Dhs,Jumia.ma,Laser Printer Drums & Toner,2025-02-05,Aucune
Adaptateur VGA to HDMI Full HD - Convertisseur VGA vers HDMI,51.85 Dhs,Jumia.ma,HDMI-to-VGA Adapters,2025-02-05,Aucune
Jedel Souris de jeu USB filaire d'ordinateur GM806 avec rétro-éclairage RGB 4000 Dpi Programmable,95.00 Dhs,Jumia.ma,PC Game Hardware,2025-02-05,Aucune
"Casque de Gaming pour PS4 PS5 PC, écouteurs filaires avec micro stéréo",69.00 Dhs,Jumia.ma,PC Game Hardware,2025-02-05,Aucune
Epson EcoTank L3250 Imprimante WiFi à réservoirs rechargeables - Remplace L3150,"1,799.00 Dhs",Jumia.ma,Inkjet Printers,2025-02-05,Aucune
"WD Disque Dur Interne 500GB / 500GO Western Digital SATA HDD 3.5""",199.00 Dhs,Jumia.ma,Internal Hard Drives,2025-02-05,Aucune
Hp Prodesk 280 G1 MT Intel Core i5-4590s I 8Gb Ram I 500Gb HDD I Remis à Neuf,850.00 Dhs,Jumia.ma,Desktops,2025-02-05,Aucune
"Haoxiang backpack ordinateur, business loisirs, voyage, cartable étudiant avec port USB",177.00 Dhs,Jumia.ma,"Bags, Cases & Sleeves",2025-02-05,Aucune
Sandisk 128GB Ultra Dual Drive Go USB Type-C Flash Drive - SDDDC3,189.00 Dhs,Jumia.ma,USB Flash Drives,2025-02-05,Aucune
"Adaptateur multi-répartiteur USB C, HUB 3.0, Type C 3.1, 4 ports",79.00 Dhs,Jumia.ma,USB-to-USB Adapters,2025-02-05,Aucune
"2 antennes SMA mâle 5 dbi pour 4G LTE routeur, tous les reseaux inwi,orange,iam",56.00 Dhs,Jumia.ma,Network Antennas,2025-02-05,Aucune
Aoc Ecran Gaming C27G2X Moniteur de jeu incurvé de 27 pouce de 165 Hz,"2,590.00 Dhs",Jumia.ma,Non spécifiée,2025-02-05,Aucune
"Adaptateur USB Type-C 7-in-1, avec 5 USB Ports, 2 Type-C, USB 3.0 USB 2.0",127.00 Dhs,Jumia.ma,USB-to-USB Adapters,2025-02-05,Aucune
Lenovo ThinkVision T24i -10 -Moniteur FHD 24 pouces -frameless -Remis a neuf,"1,249.00 Dhs",Jumia.ma,Non spécifiée,2025-02-05,Aucune
Canon Pack Bouteilles d'encre GI-490 pour les imprimantes G sèries,479.00 Dhs,Jumia.ma,Inkjet Printer Ink,2025-02-05,Aucune
"Imice Souris Gaming Optique 8 Boutons LED 7200 DPI avec Câble USB 1,8 m pour PC - Noir",88.00 Dhs,Jumia.ma,PC Game Hardware,2025-02-05,Aucune
Table PC Portable Pliable Reglable + Support souris - Lit Livre Petit Déjeuner,169.00 Dhs,Jumia.ma,Lapdesks,2025-02-05,Aucune
Sacoche ordinateur Case Cover sac Pour PC portable 13 pouces pochet,85.00 Dhs,Jumia.ma,"Bags, Cases & Sleeves",2025-02-05,Aucune
"Lenovo Sacoche T210 pour ordinateurs portables 15,6""",164.00 Dhs,Jumia.ma,"Bags, Cases & Sleeves",2025-02-05,Aucune
Adaptateur carte Micro SD SD2VITA PS Vita 1000/2000 Henkaku 3.60,68.50 Dhs,Jumia.ma,Memory Card Adapters,2025-02-05,Aucune
DELL Pc i7 4éme 16 Go RAM- 256Go SSD - OPTIPLEX 9020sff -remis à neuf,"1,790.00 Dhs",Jumia.ma,Desktops,2025-02-05,Aucune
"Tapis de Souris Pour PC Bureau, PC Portable",22.00 Dhs,Jumia.ma,Keyboard & Mice Accessories,2025-02-05,Aucune
"Souris sans fil, Bluetooth 5.2 Rechargeable et silencieuse Double mode",89.00 Dhs,Jumia.ma,Mice,2025-02-05,Aucune
Asus X509J - i3-1005G1 - 4 Go RAM - 1 To HDD - Azerty,"3,490.00 Dhs",Jumia.ma,Laptops,2025-02-05,Aucune
Gx Tapis de souris clavier Gamer,59.00 Dhs,Jumia.ma,Keyboard & Mice Accessories,2025-02-05,Aucune
Samsung Original RAM 4GB DDR3L 1600MHz pour pc portable - mémoire vive (4Go) 12800S,119.00 Dhs,Jumia.ma,Memory,2025-02-05,Aucune
"Lenovo 15"" - THINKPAD T540P - 8Go Ram  - 500 SSD - Windows - Noir - Clavier Azerty","1,999.00 Dhs",Jumia.ma,Laptops,2025-02-05,Aucune
"Phomemo M110 Imprimante d'étiquettes Bluetooth thermique Etiqueteuse Compatible avec Android, iOS + Rouleau",635.00 Dhs,Jumia.ma,Label Printers,2025-02-05,Aucune
"Sac pour pc portable, mallette pour pc, cartable, sacoche - 14 POUCES",99.00 Dhs,Jumia.ma,"Bags, Cases & Sleeves",2025-02-05,Aucune
Razer Souris DeathAdder Essential,377.40 Dhs,Jumia.ma,PC Game Hardware,2025-02-05,Aucune
Hp 4 bouteilles d'encre à haut rendement générique équivalent au modèle HP,145.00 Dhs,Jumia.ma,Inkjet Printer Ink,2025-02-05,Aucune
"Jedel Haut Parleur Gamer RGB, Baffes Haut-Parleurs Gaming USB Pour PC Portable Ordinateur",125.00 Dhs,Jumia.ma,Computer Speakers,2025-02-05,Aucune
"Bras Support 2 écran LCD PC Ordinateur, 2 Moniteur écran LCD Bureau TV",655.00 Dhs,Jumia.ma,Non spécifiée,2025-02-05,Aucune
Sac pc portable mallette portable cartable sacoche 14inch,99.00 Dhs,Jumia.ma,"Bags, Cases & Sleeves",2025-02-05,Aucune
Chargeur Pc Portable ASUS 19V 2.37A,199.00 Dhs,Jumia.ma,Chargers & Adapters,2025-02-05,Aucune
"Lenovo PC Portable ThinkPad L460 - 14"" - Intel Core i5 6ème Génération - 16GB RAM + 512GB SSD - Windows - Remis à neuf","3,999.00 Dhs",Jumia.ma,Laptops,2025-02-05,Aucune
Câble 1.5 mètres Pour imprimante Usb A - B Mâle Mâle // Printer Scanner Câble,25.00 Dhs,Jumia.ma,USB Cables,2025-02-05,Aucune
Hp Imprimante LASER MFP 137FNW PRINTER  Fax / photocopieur / imprimante / scanner,"2,800.00 Dhs",Jumia.ma,Multi-Function Printers,2025-02-05,Aucune
Hp Imprimante laser monochrome M111w - Wi-Fi - Blanc,"1,649.00 Dhs",Jumia.ma,Laser Printers,2025-02-05,Aucune
Adaptateur DisplayPort vers HDMI 4K + Sticker Choose,59.00 Dhs,Jumia.ma,DVI-HDMI Adapters,2025-02-05,Aucune
Logitech M171 Wireless Mouse - BLUE-K -2.4GHZ - EMEA,99.00 Dhs,Jumia.ma,Mice,2025-02-05,Aucune
"Logitech G240 Cloth Tapis de souris de jeu, Optimisé pour les capteurs, Friction modérée,Tapis de souris antidérapant, Accessoires de jeu Mac et PC, 340 x 280 x 1 mm",190.00 Dhs,Jumia.ma,Keyboard & Mice Accessories,2025-02-05,Aucune
Hp DeskTop - Core I5-4590 ( 3.3 Ghz ) 8GB / Clavier et Souris / 500GB / Remis à neuf,999.00 Dhs,Jumia.ma,Desktops,2025-02-05,Aucune
Hp Imprimante Wi-Fi tout-en-un  - DeskJet 2710 + Cable USB 2.0,569.00 Dhs,Jumia.ma,Inkjet Printers,2025-02-05,Aucune
2 antenne SMA mâle 5 dbi pour 4G LTE routeur orange et inwi,56.00 Dhs,Jumia.ma,Network Antennas,2025-02-05,Aucune
Hp CARTOUCHE 305 NOIR,178.50 Dhs,Jumia.ma,Inkjet Printer Ink,2025-02-05,Aucune
Hy510 Pâte thermique de refroidissement HY510,25.00 Dhs,Jumia.ma,Fans & Cooling,2025-02-05,Aucune
"chargeur type c compatible 20V 2,25 a 65W avec pc Lenovo Acer ASUS Dell HP LG gram Microsoft",170.00 Dhs,Jumia.ma,Chargers & Adapters,2025-02-05,Aucune
"Adaptateur de câble OTG USB 3.0 Type C ,convertisseur  souris clavier disque USB",25.40 Dhs,Jumia.ma,USB-to-USB Adapters,2025-02-05,Aucune
"Grand tapis de souris de jeu ROG flame tapis de clavier, tapis de bureau Gamer, bureau",89.00 Dhs,Jumia.ma,Keyboard & Mice Accessories,2025-02-05,Aucune
Câble Réseau Ethernet RJ45 CAT6 30 Mètre haut débit qualité Pro By Electro World,119.99 Dhs,Jumia.ma,Ethernet Cables,2025-02-05,Aucune
Tapis de souris 4XL haute qualité pour PC bureau ROG JOINT+Eraser Cleaner+Sticker,69.00 Dhs,Jumia.ma,Keyboard & Mice Accessories,2025-02-05,Aucune
Lenovo Chargeur 20V 2.25A 45W,249.00 Dhs,Jumia.ma,Chargers & Adapters,2025-02-05,Aucune
Laptop stand Support ordinateur portable en alliage d'aluminium réglable,63.99 Dhs,Jumia.ma,Lapdesks,2025-02-05,Aucune
Wacom One by CTL-472-S Tablette Graphique Petite - USB,590.00 Dhs,Jumia.ma,Graphics Tablets,2025-02-05,Aucune
HP EliteBook 840 G8 i5-1135G7/16 GB/256GB...,"4 390,00 MAD",UltraPC.ma,laptops,2025-02-05,
HP EliteBook x360 830 G7...,"3 999,00 MAD",UltraPC.ma,laptops,2025-02-05,"-1 000,00 MAD"
Gigabyte G6 KF-H3EE854KD i7 13620H/16GB...,"14 999,00 MAD",UltraPC.ma,laptops,2025-02-05,
HP EliteBook 840 G6 i5-8365U/16GB/256GB SSD,"3 099,00 MAD",UltraPC.ma,laptops,2025-02-05,"-200,00 MAD"
"Nouvel Arrivage
Aorus 15 BKG-13FR794CD Ultra7 155H/16GB...","16 999,00 MAD",UltraPC.ma,laptops,2025-02-05,
"Asus Rog SAC À DOS 17"" Noir","239,00 MAD",UltraPC.ma,laptops,2025-02-05,"-150,00 MAD"
MSI THIN 15 B12UCX-1682XES i5-12450H/16GB...,"8 499,00 MAD",UltraPC.ma,laptops,2025-02-05,
MSI THIN B13VE-2473XMA i7 13620H/16GB...,"12 999,00 MAD",UltraPC.ma,laptops,2025-02-05,"-1 000,00 MAD"
"Ugreen Sacoche PC PORTABLE 14 to 14,9","237,00 MAD",UltraPC.ma,laptops,2025-02-05,
Ugreen sacoche pour ordinateur portable 15...,"270,00 MAD",UltraPC.ma,laptops,2025-02-05,
MSI THIN B13VE-2474MA i7 13620H/16GB...,"13 999,00 MAD",UltraPC.ma,laptops,2025-02-05,"-1 000,00 MAD"
Lenovo ThinkPad T480s Intel Core...,"2 899,00 MAD",UltraPC.ma,laptops,2025-02-05,"-300,00 MAD"
Goui Sac à dos Line 20 litres,"399,00 MAD",UltraPC.ma,laptops,2025-02-05,
"Nouvel Arrivage
MSI Modern 15 H B13M-237MA Intel...","9 999,00 MAD",UltraPC.ma,laptops,2025-02-05,
HP EliteBook 830 G5 i5-8265U/8GB/256GB SSD,"2 999,00 MAD",UltraPC.ma,laptops,2025-02-05,
Asus ROG Zephyrus G14-403UI-Q24W AMD Ryzen...,"23 990,00 MAD",UltraPC.ma,laptops,2025-02-05,"-4 000,00 MAD"
ASUS TUF GAMING A15 FA506NFR-HN008 AMD...,"9 990,00 MAD",UltraPC.ma,laptops,2025-02-05,"-1 000,00 MAD"
"Ugreen Sacoche  13"" à 13,9"" (20448)","229,00 MAD",UltraPC.ma,laptops,2025-02-05,
"Nouvel Arrivage
MSI KATANA A15 AI Ryzen 7 8845HS/16GB DDR5...","13 999,00 MAD",UltraPC.ma,laptops,2025-02-05,"-1 000,00 MAD"
MSI MODERN 14 C13M-1419MA Intel...,"6 999,00 MAD",UltraPC.ma,laptops,2025-02-05,
MSI THIN 15 B13VE-2659MA Intel...,"13 999,00 MAD",UltraPC.ma,laptops,2025-02-05,
MSI THIN B13UCX-2657MA Intel...,"10 999,00 MAD",UltraPC.ma,laptops,2025-02-05,
HyperX Knight Backpack (8C525AA),"949,00 MAD",UltraPC.ma,laptops,2025-02-05,
HyperX Delta Backpack (8C524AA),"499,00 MAD",UltraPC.ma,laptops,2025-02-05,
LENOVO V15-IRU i5-13420H/8Go/256Go...,"5 990,00 MAD",UltraPC.ma,laptops,2025-02-05,
"Sac à Dos UGREEN PC Portable 15,6 (90798)","424,00 MAD",UltraPC.ma,laptops,2025-02-05,
MSI PULSE 16 AI C1VFKG-082MA Intel Ultra 9...,"24 999,00 MAD",UltraPC.ma,laptops,2025-02-05,
MSI PULSE 16 AI C1VFKG-081MA Intel Ultra 9...,"21 999,00 MAD",UltraPC.ma,laptops,2025-02-05,
MSI SWORD 16 HX B14VGKG-851MA Intel...,"19 999,00 MAD",UltraPC.ma,laptops,2025-02-05,
"ASUS ROG BP4701 SAC À DOS 17"" Noir","399,00 MAD",UltraPC.ma,laptops,2025-02-05,"-150,00 MAD"
Asus ROG Zephyrus G16-GU605MV-Q82W intel...,"24 400,00 MAD",UltraPC.ma,laptops,2025-02-05,
ASUS ROG Zephyrus G16 GA605WI-Q05W Ryzen...,"26 990,00 MAD",UltraPC.ma,laptops,2025-02-05,
"Gigabyte G5 KF5-H3FR353SD – Core™ i7 13th, RTX 4060, 16GB, 512GB","13,299.00MAD",SetupGame.ma,laptops,2025-02-05,"14,999.00MAD"
"ASUS TUF F15 FX506LH-HN004T – Core™ i5 10th, GTX 1650, 8GB, 512GB","6,599.00MAD",SetupGame.ma,laptops,2025-02-05,"7,899.00MAD"
"ASUS TUF F15 FX506LH-HN004W – Core™ i5 10th, GTX 1650, 8GB, 512GB","6,599.00MAD",SetupGame.ma,laptops,2025-02-05,"7,899.00MAD"
"ASUS TUF F15 FX506LH-HN004T – Core™ i5 10th, GTX 1650, 16GB, 512GB","6,899.00MAD",SetupGame.ma,laptops,2025-02-05,"8,299.00MAD"
"ASUS TUF F15 FX506LH-HN004W – Core™ i5 10th, GTX 1650, 16GB, 512GB","6,899.00MAD",SetupGame.ma,laptops,2025-02-05,"8,299.00MAD"
"LENOVO GAMING 3 15ACH6 – Ryzen 5 5500H, RTX 2050, 16GB, 512GB","7,749.00MAD",SetupGame.ma,laptops,2025-02-05,"9,249.00MAD"
"HP PAVILION GAMING 15-EC2011NK – Ryzen R5-5600H, RTX 3050, 8GB, 512Go","7,890.00MAD",SetupGame.ma,laptops,2025-02-05,"8,690.00MAD"
"LENOVO LOQ 15IAX9 – Core™ i5 12th, RTX 2050, 16GB, 512GB","7,899.00MAD",SetupGame.ma,laptops,2025-02-05,"8,999.00MAD"
"MSI GF63 11SC-658XMA – Core™ i5 11th, GTX 1650, 8GB, 512GB","7,990.00MAD",SetupGame.ma,laptops,2025-02-05,"8,990.00MAD"
"ERAZER Crawler E30e – Core™ i5 12th, RTX 2050, 8GB, 512GB","7,999.00MAD",SetupGame.ma,laptops,2025-02-05,"9,599.00MAD"
HyperX Cloud Alpha S ( Noir ),"1,199.00MAD",SetupGame.ma,laptops,2025-02-05,"1,499.00MAD"
HyperX Alloy Origins 60,"1,199.00MAD",SetupGame.ma,laptops,2025-02-05,"1,399.00MAD"
HyperX Quadcast S Noir,"1,649.00MAD",SetupGame.ma,laptops,2025-02-05,"2,149.00MAD"
HyperX Cloud Stinger 2 Core (PC),499.00MAD,SetupGame.ma,laptops,2025-02-05,599.00MAD
HyperX Cloud III ( Noir ),"1,099.00MAD",SetupGame.ma,laptops,2025-02-05,"1,399.00MAD"
HyperX Cloud Alpha Rouge,899.00MAD,SetupGame.ma,laptops,2025-02-05,"1,099.00MAD"
HyperX Cloud III ( Rouge ),"1,099.00MAD",SetupGame.ma,laptops,2025-02-05,"1,399.00MAD"
Y60 – INTEL CORE ULTRA 7 265KF-RTX 4060Ti 16Go,"25,899.00MAD",SetupGame.ma,laptops,2025-02-05,"29,799.00MAD"
"HP PAVILION GAMING 15-EC2011NK – Ryzen R5-5600H, RTX 3050, 16GB, 512Go","8,190.00MAD",SetupGame.ma,laptops,2025-02-05,"8,990.00MAD"
"ERAZER Crawler E30e – Core™ i5 12th, RTX 2050, 16GB, 512GB","8,299.00MAD",SetupGame.ma,laptops,2025-02-05,"9,999.00MAD"
"MSI GF63 11SC-658XMA – Core™ i5 11th, GTX 1650, 16GB, 512GB","8,490.00MAD",SetupGame.ma,laptops,2025-02-05,"9,490.00MAD"
"ASUS A15 TUF507RC-HN011W – Ryzen 7-6800H, RTX 3050, 8GB, 512GB","8,499.00MAD",SetupGame.ma,laptops,2025-02-05,"10,099.00MAD"
"ASUS TUF 506HEB-HN150T – Core™ i5 11th, RTX 3050Ti, 8GB, 512GB","8,499.00MAD",SetupGame.ma,laptops,2025-02-05,"10,199.00MAD"
"ASUS TUF F15 FX516PE – Core™ i5 11th, RTX 3050Ti, 8GB, 512GB","8,499.00MAD",SetupGame.ma,laptops,2025-02-05,"9,799.00MAD"
"ASUS TUF F17 F706H – Core™ i5 11th, RTX 3050Ti, 8GB, 512GB","8,499.00MAD",SetupGame.ma,laptops,2025-02-05,"10,099.00MAD"
"ASUS TUF 506HEB-HN150T – Core™ i5 11th, RTX 3050Ti, 16GB, 512GB","8,799.00MAD",SetupGame.ma,laptops,2025-02-05,"10,499.00MAD"
"HP PAVILION GAMING 15-DK2013NK – Core™ i5 11th, RTX 3050, 8GB, 256Go","8,890.00MAD",SetupGame.ma,laptops,2025-02-05,"9,490.00MAD"
"ASUS VIVOBOOK PRO N7600PC-K5W – Core™ i7 11th, RTX 3050, 16GB, 512GB","8,999.00MAD",SetupGame.ma,laptops,2025-02-05,"10,799.00MAD"
"Dell G15 5511 – Core™ i5 11th, RTX 3050, 8GB, 256GB","9,190.00MAD",SetupGame.ma,laptops,2025-02-05,"10,990.00MAD"
"HP PAVILION GAMING 15-DK2013NK – Core™ i5 11th, RTX 3050, 16GB, 256Go","9,190.00MAD",SetupGame.ma,laptops,2025-02-05,"9,790.00MAD"
HyperX Cloud Alpha S ( Noir ),"1,199.00MAD",SetupGame.ma,laptops,2025-02-05,"1,499.00MAD"
HyperX Alloy Origins 60,"1,199.00MAD",SetupGame.ma,laptops,2025-02-05,"1,399.00MAD"
HyperX Quadcast S Noir,"1,649.00MAD",SetupGame.ma,laptops,2025-02-05,"2,149.00MAD"
HyperX Cloud Stinger 2 Core (PC),499.00MAD,SetupGame.ma,laptops,2025-02-05,599.00MAD
HyperX Cloud III ( Noir ),"1,099.00MAD",SetupGame.ma,laptops,2025-02-05,"1,399.00MAD"
HyperX Cloud Alpha Rouge,899.00MAD,SetupGame.ma,laptops,2025-02-05,"1,099.00MAD"
HyperX Cloud III ( Rouge ),"1,099.00MAD",SetupGame.ma,laptops,2025-02-05,"1,399.00MAD"
Y60 – INTEL CORE ULTRA 7 265KF-RTX 4060Ti 16Go,"25,899.00MAD",SetupGame.ma,laptops,2025-02-05,"29,799.00MAD"
"Dell G15 5511 – Core™ i5 11th, RTX 3050, 16GB, 256GB","9,490.00MAD",SetupGame.ma,laptops,2025-02-05,"11,390.00MAD"
"ASUS TUF DASH FX516PC-HN001W – Core™ i7 11th, RTX 3050, 8GB, 512GB","9,599.00MAD",SetupGame.ma,laptops,2025-02-05,"11,499.00MAD"
"Dell G15 5511 – Core™ i5 11th, RTX 3050Ti, 8GB, 512GB","9,690.00MAD",SetupGame.ma,laptops,2025-02-05,"11,690.00MAD"
"MSI Thin GF63 12UC – Core™ i5 12th, RTX 3050, 8GB, 512GB","9,699.00MAD",SetupGame.ma,laptops,2025-02-05,"11,599.00MAD"
"ASUS TUF DASH FX516PC-HN001W – Core™ i7 11th, RTX 3050, 16GB, 512GB","9,799.00MAD",SetupGame.ma,laptops,2025-02-05,"11,699.00MAD"
"Dell G15 5511 – Core™ i5 11th, RTX 3050Ti, 16GB, 512GB","9,990.00MAD",SetupGame.ma,laptops,2025-02-05,"11,990.00MAD"
"MSI Thin GF63 12UC – Core™ i5 12th, RTX 3050, 16GB, 512GB","9,999.00MAD",SetupGame.ma,laptops,2025-02-05,"11,999.00MAD"
"LENOVO LOQ 15IRX9 – Core™ i5 13th, RTX 3050, 16GB, 512GB","9,999.00MAD",SetupGame.ma,laptops,2025-02-05,"13,499.00MAD"
"HP OMEN 15-EK0002NK – Core™ i7 10th, GTX 1660Ti, 16GB, 1To","10,499.00MAD",SetupGame.ma,laptops,2025-02-05,"12,599.00MAD"
"MSI GF63 Thin 11UD-1043XFR – Core™ i5 11th, RTX 3050Ti, 8GB, 512GB","10,590.00MAD",SetupGame.ma,laptops,2025-02-05,"11,590.00MAD"
"MSI GF63 Thin 11UD-1043XFR – Core™ i5 11th, RTX 3050Ti, 16GB, 512GB","10,990.00MAD",SetupGame.ma,laptops,2025-02-05,"11,990.00MAD"
"Gigabyte G5 KF – Core™ i5 12th, RTX 4060, 16GB, 512GB","10,990.00MAD",SetupGame.ma,laptops,2025-02-05,"13,190.00MAD"
ASUS PRIME B550M-K,"1,299.00MAD",SetupGame.ma,laptops,2025-02-05,"1,499.00MAD"
ASUS TUF Gaming VG24VQER 23.6″ 180Hz,"1,699.00MAD",SetupGame.ma,laptops,2025-02-05,"2,299.00MAD"
ASUS ProArt PA279CRV 27″ LED IPS 4K,"6,999.00MAD",SetupGame.ma,laptops,2025-02-05,"8,399.00MAD"
ASUS TUF Gaming VG249Q3A 23.8″ 180Hz,"1,599.00MAD",SetupGame.ma,laptops,2025-02-05,"2,099.00MAD"
Hybrok 31.5″ HG32QHD 170Hz 1ms,"2,699.00MAD",SetupGame.ma,laptops,2025-02-05,"3,299.00MAD"
HyperX Cloud Alpha S ( Noir ),"1,199.00MAD",SetupGame.ma,laptops,2025-02-05,"1,499.00MAD"
HyperX Alloy Origins 60,"1,199.00MAD",SetupGame.ma,laptops,2025-02-05,"1,399.00MAD"
HyperX Quadcast S Noir,"1,649.00MAD",SetupGame.ma,laptops,2025-02-05,"2,149.00MAD"
"MSI GF63 11SC-659XMA – Core™ i7 11th, GTX 1650, 16GB, 512GB","10,999.00MAD",SetupGame.ma,laptops,2025-02-05,"14,499.00MAD"
"HP OMEN 15-EK0002NK – Core™ i7 10th, GTX 1660Ti, 32GB, 1To","10,999.00MAD",SetupGame.ma,laptops,2025-02-05,"13,199.00MAD"
"MSI Thin GF63 12UC – Core™ i7 12th, RTX 3050, 16GB, 512GB","11,490.00MAD",SetupGame.ma,laptops,2025-02-05,"13,690.00MAD"
"Dell G15 5510 – Core™ i7 10th, RTX 3060, 16GB, 512GB","11,990.00MAD",SetupGame.ma,laptops,2025-02-05,"15,490.00MAD"
"Pc Portable Gaming ACER NITRO 5 AN515-57-529L – RTX 3070, Core™ i5 11th Génération – NEUF SANS EMBALLAGE","11,990.00MAD",SetupGame.ma,laptops,2025-02-05,"13,490.00MAD"
"Dell G15 5511 – Core™ i7 11th, RTX 3050Ti, 16GB, 512GB","11,990.00MAD",SetupGame.ma,laptops,2025-02-05,"13,990.00MAD"
"MSI BRAVO 15 B5DD-299XMA – Ryzen R7-5800H, RX 5500M, 16GB, 512GB","12,999.00MAD",SetupGame.ma,laptops,2025-02-05,"14,499.00MAD"
"LENOVO LOQ 15IRX9 – Core™ i7 13th, RTX 4050, 16GB, 512GB","13,899.00MAD",SetupGame.ma,laptops,2025-02-05,"15,399.00MAD"
"MSI Cyborg 15 A12VE – Core™ i7 12th, RTX 4050, 16GB, 512GB","13,990.00MAD",SetupGame.ma,laptops,2025-02-05,"16,790.00MAD"
"MSI Cyborg 15 A13VE – Core™ i7 13th, RTX 4050, 16GB, 512GB","14,490.00MAD",SetupGame.ma,laptops,2025-02-05,"17,390.00MAD"
ASUS PRIME B550M-K,"1,299.00MAD",SetupGame.ma,laptops,2025-02-05,"1,499.00MAD"
ASUS TUF Gaming VG24VQER 23.6″ 180Hz,"1,699.00MAD",SetupGame.ma,laptops,2025-02-05,"2,299.00MAD"
ASUS ProArt PA279CRV 27″ LED IPS 4K,"6,999.00MAD",SetupGame.ma,laptops,2025-02-05,"8,399.00MAD"
ASUS TUF Gaming VG249Q3A 23.8″ 180Hz,"1,599.00MAD",SetupGame.ma,laptops,2025-02-05,"2,099.00MAD"
Hybrok 31.5″ HG32QHD 170Hz 1ms,"2,699.00MAD",SetupGame.ma,laptops,2025-02-05,"3,299.00MAD"
HyperX Cloud Alpha S ( Noir ),"1,199.00MAD",SetupGame.ma,laptops,2025-02-05,"1,499.00MAD"
HyperX Alloy Origins 60,"1,199.00MAD",SetupGame.ma,laptops,2025-02-05,"1,399.00MAD"
HyperX Quadcast S Noir,"1,649.00MAD",SetupGame.ma,laptops,2025-02-05,"2,149.00MAD"
"Dell G15 5511 – Core™ i7 11th, RTX 3060, 16GB, 1TB","14,590.00MAD",SetupGame.ma,laptops,2025-02-05,"16,590.00MAD"
"Dell G15 5511 – Core™ i7 11th, RTX 3060, 32GB, 1TB","14,990.00MAD",SetupGame.ma,laptops,2025-02-05,"16,990.00MAD"
"Pc Portable Gaming ASUS ROG STRIX 17 – AMD Ryzen 7 6800H, RTX 3060","15,490.00MAD",SetupGame.ma,laptops,2025-02-05,"17,990.00MAD"
"Pc Portable DELL XPS 13-9310 – Core™ i7 11th Génération, Écran Tactile, 4K","15,490.00MAD",SetupGame.ma,laptops,2025-02-05,"19,990.00MAD"
"MSI GF66 KATANA 11UE – Core™ i5 11th, RTX 3050, 16GB, 512GB","15,999.00MAD",SetupGame.ma,laptops,2025-02-05,"16,499.00MAD"
"MSI Bravo 15 C7VFK – Ryzen 7 7735HS, RTX 4060, 16GB, 512GB","16,490.00MAD",SetupGame.ma,laptops,2025-02-05,"19,690.00MAD"
"Pc Portable Gamer MSI GF66 Katana 11UE – Core™ i7 11th Génération, RTX 3050","17,499.00MAD",SetupGame.ma,laptops,2025-02-05,"17,999.00MAD"
"MSI Katana 15 B13VFK – Core™ i9 13th, RTX 4060, 16GB, 1TB","19,490.00MAD",SetupGame.ma,laptops,2025-02-05,"22,390.00MAD"
"AORUS 16X ASG-53FRC54SH – Core™ i7 14th, RTX 4070, 16GB, 1TB","20,499.00MAD",SetupGame.ma,laptops,2025-02-05,"23,499.00MAD"
"MSI GF76 KATANA 11UE – Core™ i7 11th, RTX 3060, 16GB, 1TB","22,499.00MAD",SetupGame.ma,laptops,2025-02-05,"23,499.00MAD"
"MSI LEOPARD GP66 11UE-679XMA – Core™ i7 11th, RTX 3060, 16GB, 512GB","22,799.00MAD",SetupGame.ma,laptops,2025-02-05,"24,149.00MAD"
ASUS PRIME B550M-K,"1,299.00MAD",SetupGame.ma,laptops,2025-02-05,"1,499.00MAD"
ASUS TUF Gaming VG24VQER 23.6″ 180Hz,"1,699.00MAD",SetupGame.ma,laptops,2025-02-05,"2,299.00MAD"
ASUS ProArt PA279CRV 27″ LED IPS 4K,"6,999.00MAD",SetupGame.ma,laptops,2025-02-05,"8,399.00MAD"
ASUS TUF Gaming VG249Q3A 23.8″ 180Hz,"1,599.00MAD",SetupGame.ma,laptops,2025-02-05,"2,099.00MAD"
Hybrok 31.5″ HG32QHD 170Hz 1ms,"2,699.00MAD",SetupGame.ma,laptops,2025-02-05,"3,299.00MAD"
HyperX Cloud Alpha S ( Noir ),"1,199.00MAD",SetupGame.ma,laptops,2025-02-05,"1,499.00MAD"
HyperX Alloy Origins 60,"1,199.00MAD",SetupGame.ma,laptops,2025-02-05,"1,399.00MAD"
HyperX Quadcast S Noir,"1,649.00MAD",SetupGame.ma,laptops,2025-02-05,"2,149.00MAD"
"LENOVO LEGION PRO 5 16IRX9 – Core™ i9 14th, RTX 4060, 32GB, 1TB","23,999.00MAD",SetupGame.ma,laptops,2025-02-05,"25,499.00MAD"
"AORUS 16X ASG-63FRC65SH – Core™ i9 14th, RTX 4070, 32GB, 2TB","24,999.00MAD",SetupGame.ma,laptops,2025-02-05,"26,499.00MAD"
"MSI PULSE GL66 12UEK-619MA – Core™ i7 12th, RTX 3060,16GB, 1TB","25,999.00MAD",SetupGame.ma,laptops,2025-02-05,"27,199.00MAD"
"Pc Portable Gamer MSI Pulse GL76 12UGK-257XMA – Core™ i7 12th Génération, RTX 3070","30,999.00MAD",SetupGame.ma,laptops,2025-02-05,"32,499.00MAD"
ASUS PRIME B550M-K,"1,299.00MAD",SetupGame.ma,laptops,2025-02-05,"1,499.00MAD"
ASUS TUF Gaming VG24VQER 23.6″ 180Hz,"1,699.00MAD",SetupGame.ma,laptops,2025-02-05,"2,299.00MAD"
ASUS ProArt PA279CRV 27″ LED IPS 4K,"6,999.00MAD",SetupGame.ma,laptops,2025-02-05,"8,399.00MAD"
ASUS TUF Gaming VG249Q3A 23.8″ 180Hz,"1,599.00MAD",SetupGame.ma,laptops,2025-02-05,"2,099.00MAD"
Hybrok 31.5″ HG32QHD 170Hz 1ms,"2,699.00MAD",SetupGame.ma,laptops,2025-02-05,"3,299.00MAD"
HyperX Cloud Alpha S ( Noir ),"1,199.00MAD",SetupGame.ma,laptops,2025-02-05,"1,499.00MAD"
HyperX Alloy Origins 60,"1,199.00MAD",SetupGame.ma,laptops,2025-02-05,"1,399.00MAD"
HyperX Quadcast S Noir,"1,649.00MAD",SetupGame.ma,laptops,2025-02-05,"2,149.00MAD"
