Nom,Prix,Prix réduit,Site web,Catégorie,Date de collecte,Promotions,Lien
Logitech Pebble Keys 2 K380s clavier sans fil Bluetooth multidispositif,369.00 Dhs,,Jumia.ma,Keyboards,2025-02-05 10:09:42,Aucune,
Logitech Brio 100 Full HD Webcam USB,399.00 Dhs,,Jumia.ma,Webcams,2025-02-05 10:09:42,Aucune,
Logitech G815 LIGHTSPEED RGB Mechanical Gaming Keyboard,"1,799.00 Dhs",,Jumia.ma,Keyboards,2025-02-05 10:09:42,Aucune,
Logitech H390 Usb Computer Headset,329.00 Dhs,,Jumia.ma,Computer Headsets,2025-02-05 10:09:42,Aucune,
XIAOMI WiFi Range Extender N300,99.00 Dhs,,Jumia.ma,Routers,2025-02-05 10:09:42,Aucune,
XIAOMI Gaming Monitor G27i,"1,499.00 Dhs",,Jumia.ma,Non spécifiée,2025-02-05 10:09:42,Aucune,
"XIAOMI Mi LCD Writing Tablet 13.5""",99.00 Dhs,,Jumia.ma,Graphics Tablets,2025-02-05 10:09:42,Aucune,
Canon Jet d'encre Pixma TS3340 MFP Wifi,499.00 Dhs,,Jumia.ma,Inkjet Printers,2025-02-05 10:09:42,Aucune,
Support pliable pour ordinateur Portable Mac et PC,57.00 Dhs,,Jumia.ma,Mounts,2025-02-05 10:09:42,Aucune,
Logitech M171 Souris Sans Fil pour PC,99.00 Dhs,,Jumia.ma,Mice,2025-02-05 10:09:42,Aucune,
Logitech H111 Casque Filaire,99.00 Dhs,,Jumia.ma,Computer Headsets,2025-02-05 10:09:42,Aucune,
Tapis de Souris Pour PC Bureau,21.99 Dhs,,Jumia.ma,Keyboard & Mice Accessories,2025-02-05 10:09:42,Aucune,
mifoy Souris Gaming USB GM100 6 Boutons RGB Capteur Optique 1200 à 3200 DPI LED,89.00 Dhs,,Jumia.ma,PC Game Hardware,2025-02-05 10:09:42,Aucune,
Toshiba Disque dur HDD 1TB,385.00 Dhs,,Jumia.ma,External Hard Drives,2025-02-05 10:09:42,Aucune,
Support pour pc portable en aluminium ajustables en 7 positions multifonction,59.99 Dhs,,Jumia.ma,Lapdesks,2025-02-05 10:09:42,Aucune,
mifoy M10 Souris Filaire Optique USB Effet Lumineuse RGB E-sport pour Ordinateur,49.00 Dhs,,Jumia.ma,PC Game Hardware,2025-02-05 10:09:42,Aucune,
Nia Casque Bluetooth Q1 avec Microphone Radio FM support Micro SD,80.45 Dhs,,Jumia.ma,Computer Headsets,2025-02-05 10:09:42,Aucune,
Hub USB Hub Adaptateur Conception à 4 Ports USB 3.0 à Haute Vitesse,39.90 Dhs,,Jumia.ma,USB-to-USB Adapters,2025-02-05 10:09:42,Aucune,
Souris rechargeable portable sans fil silencieuse compatible Bluetooth et USB 2,79.00 Dhs,,Jumia.ma,Mice,2025-02-05 10:09:42,Aucune,
Razer Tapis de souris Crystals 900 x 300 MM Tapis gamer souris et clavier Gaming Mouse Pad,49.00 Dhs,,Jumia.ma,Keyboard & Mice Accessories,2025-02-05 10:09:42,Aucune,
Casque Gamer Headset Gaming G9000 Lumière LED 3,139.00 Dhs,,Jumia.ma,PC Game Hardware,2025-02-05 10:09:42,Aucune,
SH 3200 DPI réglables et 7D LED Optique Souris de jeu filaire USB pour Gamer PC,65.00 Dhs,,Jumia.ma,PC Game Hardware,2025-02-05 10:09:42,Aucune,
Mini clavier et souris sans fil Bluetooth pour PC,149.00 Dhs,,Jumia.ma,Keyboard & Mouse Combos,2025-02-05 10:09:42,Aucune,
Western Digital Disque dur Externe 500GB,219.00 Dhs,,Jumia.ma,External Hard Drives,2025-02-05 10:09:42,Aucune,
XIAOMI Mi Router 4C (White),149.00 Dhs,,Jumia.ma,Routers,2025-02-05 10:09:42,Aucune,
Adaptateur hdmi vga,39.00 Dhs,,Jumia.ma,HDMI-to-VGA Adapters,2025-02-05 10:09:42,Aucune,
mifoy Pack Combo Clavier de Jeu,149.00 Dhs,,Jumia.ma,PC Game Hardware,2025-02-05 10:09:42,Aucune,
Royal JR 67 Souris de jeu a fil gaming Pro RGB LED 6400 Dpi Shifting 7boutons,129.00 Dhs,,Jumia.ma,PC Game Hardware,2025-02-05 10:09:42,Aucune,
SH Pack gaming all in one 4 en 1 clavier gamer,299.00 Dhs,,Jumia.ma,Keyboard & Mouse Combos,2025-02-05 10:09:42,Aucune,
SH Pack Combo Gaming Clavier,210.00 Dhs,,Jumia.ma,PC Game Hardware,2025-02-05 10:09:42,Aucune,
Kingston Clé USB,78.00 Dhs,,Jumia.ma,USB Flash Drives,2025-02-05 10:09:42,Aucune,
Jio Modem 4G LTE JioFi WD680,190.00 Dhs,,Jumia.ma,Modems,2025-02-05 10:09:42,Aucune,
Casque Pro Gaming V3 3.5mm stéréo basse profonde LED avec Micro PC,199.00 Dhs,,Jumia.ma,PC Game Hardware,2025-02-05 10:09:42,Aucune,
Jedel Souris Gaming Sans fil Originale Mouse Optique Wireless,54.00 Dhs,,Jumia.ma,Mice,2025-02-05 10:09:42,Aucune,
Cle Adaptateur Bluetooth 5.0 USB,25.00 Dhs,,Jumia.ma,Network Adapters,2025-02-05 10:09:55,Aucune,
Otg Adaptateur OTG de type C à USB 3.0,24.99 Dhs,,Jumia.ma,USB-to-USB Adapters,2025-02-05 10:09:42,Aucune,
Hp PC GAMER,"1,780.00 Dhs",,Jumia.ma,Desktops,2025-02-05 10:09:51,Aucune,
Imice MK-X60 Clavier Gaming mécanique BLUE SWITCH,310.00 Dhs,,Jumia.ma,PC Game Hardware,2025-02-05 10:09:42,Aucune,
Support PC Portable,57.00 Dhs,,Jumia.ma,Lapdesks,2025-02-05 10:09:42,Aucune,
Logitech MK270 Combo Clavier et Souris Sans Fil pour Windows,239.00 Dhs,,Jumia.ma,Keyboard & Mouse Combos,2025-02-05 10:09:47,Aucune,
Logitech G502 HERO Souris Gaming Filaire Haute Performance,499.00 Dhs,,Jumia.ma,PC Game Hardware,2025-02-05 10:09:47,Aucune,
Logitech K120 Clavier Filaire pour Windows,89.00 Dhs,,Jumia.ma,Keyboards,2025-02-05 10:09:47,Aucune,
Sac à dos d'affaires USB multifonctionnel étanche voyage sac à dos pour pc plusieurs compartiments,210.00 Dhs,,Jumia.ma,"Bags, Cases & Sleeves",2025-02-05 10:09:47,Aucune,
TP-Link CLE USB Bluetooth 5.0 pour PC,133.00 Dhs,,Jumia.ma,Network Adapters,2025-02-05 10:09:47,Aucune,
Tapis de souris Repose-poignet souple pour ordinateur de bureau,39.00 Dhs,,Jumia.ma,Keyboard & Mice Accessories,2025-02-05 10:09:47,Aucune,
Hp Imprimante Tout-en-un sans fil HP Smart Tank 515,"1,249.00 Dhs",,Jumia.ma,Multi-Function Printers,2025-02-05 10:09:47,Aucune,
Sac à dos d'affaires USB multifonctionnel étanche voyage sac à dos pour pc,277.00 Dhs,,Jumia.ma,"Bags, Cases & Sleeves",2025-02-05 10:09:47,Aucune,
Jedel Clavier Mécanique KL-95 à lumière mixte,289.00 Dhs,,Jumia.ma,PC Game Hardware,2025-02-05 10:09:47,Aucune,
Orico Clé Bluetooth 5.0 de Transmission Rapide à Longue Distance de 20M,49.00 Dhs,,Jumia.ma,Network Adapters,2025-02-05 10:09:47,Aucune,
Dml Casque Gamer  casque PC avec  son surround casque antibruit avec micro et lumière LED,145.00 Dhs,,Jumia.ma,PC Game Hardware,2025-02-05 10:09:47,Aucune,
Canon Cartouche CL-446 Color,199.00 Dhs,,Jumia.ma,Inkjet Printer Ink,2025-02-05 10:09:47,Aucune,
Sandisk Clé USB 128GB V2.0 Flash Drive,112.00 Dhs,,Jumia.ma,USB Flash Drives,2025-02-05 10:09:47,Aucune,
Hp PC PORTABLE HP ELITEBOOK 840 G5 8ÉME GÉN-CORE I5-8Go-256 Go SSD-Remise à neuf,"2,959.00 Dhs",,Jumia.ma,Laptops,2025-02-05 10:09:47,Aucune,
Lenovo PC Portable ThinkPad T460,"2,599.00 Dhs",,Jumia.ma,Laptops,2025-02-05 10:09:47,Aucune,
Table PC Portable réglable et pliable avec Support Souris,169.99 Dhs,,Jumia.ma,Lapdesks,2025-02-05 10:09:47,Aucune,
Sac pour pc portable,99.00 Dhs,,Jumia.ma,"Bags, Cases & Sleeves",2025-02-05 10:09:47,Aucune,
Adaptateur Hight Qaulity Type C  4 in 1  HDMI,125.00 Dhs,,Jumia.ma,HDMI-to-VGA Adapters,2025-02-05 10:09:47,Aucune,
Jio Modem Super 4G,196.00 Dhs,,Jumia.ma,Modems,2025-02-05 10:09:47,Aucune,
Tapis de souris 4XL haute qualité pour PC bureau Noir,88.00 Dhs,,Jumia.ma,Keyboard & Mice Accessories,2025-02-05 10:09:47,Aucune,
Pack Bouteilles d'encre adaptable GI-490 pour les imprimantes à rèservoires PIXMA G1400,145.00 Dhs,,Jumia.ma,Inkjet Printer Ink,2025-02-05 10:09:47,Aucune,
Adaptateur HUB USB type-c 11 en 1 4K,269.00 Dhs,,Jumia.ma,USB-to-USB Adapters,2025-02-05 10:09:47,Aucune,
iboga Pack clavier,139.00 Dhs,,Jumia.ma,PC Game Hardware,2025-02-05 10:09:47,Aucune,
Canon Imprimante PIXMA G3410 multifonction à réservoirs rechargeables,"1,549.00 Dhs",,Jumia.ma,Multi-Function Printers,2025-02-05 10:09:47,Aucune,
Logitech Souris Sans Fil M171,99.00 Dhs,,Jumia.ma,Mice,2025-02-05 10:09:47,Aucune,
Tapis de souris Gaming,25.00 Dhs,,Jumia.ma,Keyboard & Mice Accessories,2025-02-05 10:09:47,Aucune,
XIAOMI Mi Router AX1800 GL (4 Antennes,379.00 Dhs,,Jumia.ma,Routers,2025-02-05 10:09:47,Aucune,
Hp Omen Housse imperméable PC Portable antichocs Solide 15.6 pouces,195.00 Dhs,,Jumia.ma,"Bags, Cases & Sleeves",2025-02-05 10:09:47,Aucune,
XIAOMI Wifi Range Extender N300,139.00 Dhs,,Jumia.ma,Repeaters,2025-02-05 10:09:47,Aucune,
Adaptateur USB Type C Vers HDMI 4k USB 3.0 Convertisseur Hub pour MacBook Pro,75.00 Dhs,,Jumia.ma,HDMI-to-VGA Adapters,2025-02-05 10:09:47,Aucune,
WD Western Digital,230.00 Dhs,,Jumia.ma,External Hard Drives,2025-02-05 10:09:47,Aucune,
Razer Tapis de souris goliathus 900 x 300 MM Tapis gamer souris et clavier Gaming Mouse Pad,80.00 Dhs,,Jumia.ma,Keyboard & Mice Accessories,2025-02-05 10:09:47,Aucune,
One Hand Gaming Keyboard and Mouse Combo,183.00 Dhs,,Jumia.ma,PC Game Hardware,2025-02-05 10:09:47,Aucune,
Dml Casque Gaming Switch avec Micro Anti Bruit Filaire LED Lampe Stéréo Bass,145.00 Dhs,,Jumia.ma,PC Game Hardware,2025-02-05 10:09:47,Aucune,
TONER MLT-D111S -Toner Laser Haute Qualite reference MLT-D111S Pour SAMSUNG XPRESS M2020 jusqu'as 1 000 pages,135.00 Dhs,,Jumia.ma,Laser Printer Drums & Toner,2025-02-05 10:09:47,Aucune,
Sac a Dos PC Portable Cartable classique pour Voyage Affaire Scolaire,247.00 Dhs,,Jumia.ma,"Bags, Cases & Sleeves",2025-02-05 10:09:47,Aucune,
Souris Gamer Professionnelle 3200 DPI a 7 boutons,95.00 Dhs,,Jumia.ma,PC Game Hardware,2025-02-05 10:09:47,Aucune,
Jedel Souris Filaire Optique USB 3D pour Ordinateur Lumineuse RGB,36.00 Dhs,,Jumia.ma,PC Game Hardware,2025-02-05 10:09:47,Aucune,
Mini lecteur de carte mémoire Flash TF,12.00 Dhs,,Jumia.ma,Memory Card Readers,2025-02-05 10:09:47,Aucune,
"Kingston Originale SSD 480GB (2.5""SATA 3) améliore et réactivité du système transferts fichiers plus rapide",465.00 Dhs,,Jumia.ma,Internal Hard Drives,2025-02-05 10:09:51,Aucune,
Toshiba Disque dur externe HDD 320Go,129.00 Dhs,,Jumia.ma,External Hard Drives,2025-02-05 10:09:51,Aucune,
Hp PC Portable HP Probook 640 G1 Core,"1,690.00 Dhs",,Jumia.ma,Laptops,2025-02-05 10:09:51,Aucune,
mifoy GM100 Souris de jeu gamer PRO RGB Capteur Optique 1200 à 3200 DPI LED 6 boutons,89.00 Dhs,,Jumia.ma,PC Game Hardware,2025-02-05 10:09:51,Aucune,
Repeteur wifi amplificateur 300 MB,119.00 Dhs,,Jumia.ma,Repeaters,2025-02-05 10:09:51,Aucune,
Hp Ultraportable EliteBook 840 G3,"2,374.05 Dhs",,Jumia.ma,Laptops,2025-02-05 10:09:51,Aucune,
Câble Réseau Ethernet RJ45  CAT6 20 Mètre,75.00 Dhs,,Jumia.ma,Ethernet Cables,2025-02-05 10:09:51,Aucune,
Câble Adaptateur DP pour Display port mâle vers HDMI Femelle,49.00 Dhs,,Jumia.ma,HDMI-to-VGA Adapters,2025-02-05 10:09:51,Aucune,
Adaptateur VGA to HDMI Full HD,51.85 Dhs,,Jumia.ma,HDMI-to-VGA Adapters,2025-02-05 10:10:02,Aucune,
Jedel Clavier Gamer 26 Touches Anti-conflit US-Layout Clavier Mécanique-look avec LED,94.00 Dhs,,Jumia.ma,PC Game Hardware,2025-02-05 10:09:51,Aucune,
"Smartedge Adventures Sac à dos 'Explore' pour pc portable 15.6"" Noir",249.00 Dhs,,Jumia.ma,"Bags, Cases & Sleeves",2025-02-05 10:09:51,Aucune,
DELL Chargeur  Pc Portable Original 19.5V,119.00 Dhs,,Jumia.ma,Chargers & Adapters,2025-02-05 10:09:51,Aucune,
USB-C,79.00 Dhs,,Jumia.ma,USB Cables,2025-02-05 10:09:51,Aucune,
Canon PG-445 EMB,215.00 Dhs,,Jumia.ma,Inkjet Printer Ink,2025-02-05 10:10:02,Aucune,
DELL Optiplex 3020 MT Intel® Core™,749.00 Dhs,,Jumia.ma,Desktops,2025-02-05 10:09:51,Aucune,
Epson EcoTank L3250 Imprimante WiFi multifonction à réservoirs rechargeables,"1,789.00 Dhs",,Jumia.ma,Multi-Function Printers,2025-02-05 10:09:51,Aucune,
Tapis de souris clavier Gamer,79.00 Dhs,,Jumia.ma,Keyboard & Mice Accessories,2025-02-05 10:09:51,Aucune,
cartable sac a dos swiss gear original,299.00 Dhs,,Jumia.ma,"Bags, Cases & Sleeves",2025-02-05 10:09:51,Aucune,
Hp PC PORTABLE ELITEBOOK 840 G5 8ÉME GÉN-CORE I5-8Go-256 Go SSD-Remis à neuf,"2,999.00 Dhs",,Jumia.ma,Laptops,2025-02-05 10:09:51,Aucune,
XIAOMI Souris Sans Fil Lite 2.4GHz,99.00 Dhs,,Jumia.ma,Mice,2025-02-05 10:09:51,Aucune,
Logitech M185 Souris Sans Fil,119.00 Dhs,,Jumia.ma,Mice,2025-02-05 10:09:51,Aucune,
Sac à dos de voyage,179.00 Dhs,,Jumia.ma,"Bags, Cases & Sleeves",2025-02-05 10:09:51,Aucune,
Câble Réseau Ethernet RJ45  CAT6 15 Mètre,65.00 Dhs,,Jumia.ma,Ethernet Cables,2025-02-05 10:09:51,Aucune,
Hp PRODESK 600 G1 Tour,950.00 Dhs,,Jumia.ma,Desktops,2025-02-05 10:09:51,Aucune,
Adaptateur USB 2.0,60.00 Dhs,,Jumia.ma,USB Cables,2025-02-05 10:09:51,Aucune,
Jedel GH-201 RGB CASQUE STÉRÉO GAMING,199.00 Dhs,,Jumia.ma,PC Game Hardware,2025-02-05 10:09:51,Aucune,
Hp 15.6″,"2,999.00 Dhs",,Jumia.ma,Laptops,2025-02-05 10:09:51,Aucune,
Adaptateur HDMI vers VGA 1080P,39.99 Dhs,,Jumia.ma,HDMI-to-VGA Adapters,2025-02-05 10:09:51,Aucune,
mifoy Pack Combo Clavier Gaming,149.00 Dhs,,Jumia.ma,PC Game Hardware,2025-02-05 10:09:51,Aucune,
Logitech H340 Casque Filaire,269.00 Dhs,,Jumia.ma,Computer Headsets,2025-02-05 10:09:51,Aucune,
Jedel Souris gamer RGB et 1600 DPI réglables,39.00 Dhs,,Jumia.ma,PC Game Hardware,2025-02-05 10:09:51,Aucune,
8.5'' Tablette de dessin graphique avec stylet tactile,29.00 Dhs,,Jumia.ma,Graphics Tablets,2025-02-05 10:09:51,Aucune,
Lecteur de carte mémoire USB 2.0,67.00 Dhs,,Jumia.ma,Memory Card Readers,2025-02-05 10:09:51,Aucune,
Jedel gaming keyboard k-590clavier blaklighit Clavier USB Gaming LED,94.00 Dhs,,Jumia.ma,Keyboards,2025-02-05 10:09:55,Aucune,
Casque filaire HD voix 3.5mm avec Microphone,69.00 Dhs,,Jumia.ma,Computer Headsets,2025-02-05 10:09:55,Aucune,
Adaptateur DVI HDMI,29.00 Dhs,,Jumia.ma,DVI-HDMI Adapters,2025-02-05 10:09:55,Aucune,
Lenovo 14'',"1,699.00 Dhs",,Jumia.ma,Laptops,2025-02-05 10:09:55,Aucune,
General Seringue pâte thermique 30 grammes pour processeur CPU PC Refroidisseur,32.00 Dhs,,Jumia.ma,Fans & Cooling,2025-02-05 10:09:55,Aucune,
Boîtier pour disque dur externe SSD,65.00 Dhs,,Jumia.ma,Hard Drive Enclosures,2025-02-05 10:09:55,Aucune,
Tapis de souris neon rog 900 x 300 MM tapis gamer souris et clavier Gaming Mouse Pad,71.00 Dhs,,Jumia.ma,Keyboard & Mice Accessories,2025-02-05 10:09:55,Aucune,
Onikuma CW903 Souris de jeu a fil gaming Pro RGB LED 6400 Dpi Shifting 7 boutons,98.00 Dhs,,Jumia.ma,PC Game Hardware,2025-02-05 10:09:55,Aucune,
Télécommande C120 Air Mouse 2.4GHz Wireless Mini clavier pour Android,49.00 Dhs,,Jumia.ma,Remote Controls,2025-02-05 10:09:55,Aucune,
High Speed 4 Port USB 3.0 Multi HUB Splitter Expansion USB,49.00 Dhs,,Jumia.ma,USB-to-USB Adapters,2025-02-05 10:09:55,Aucune,
Adaptateur USB 3.0 vers HDMI,145.00 Dhs,,Jumia.ma,HDMI-to-VGA Adapters,2025-02-05 10:09:55,Aucune,
Imice Clavier GAMER,135.00 Dhs,,Jumia.ma,Keyboard & Mouse Combos,2025-02-05 10:09:55,Aucune,
Tapis de souris 4XL haute qualité pour PC bureau Ryzen,59.00 Dhs,,Jumia.ma,Keyboard & Mice Accessories,2025-02-05 10:09:55,Aucune,
Jedel Souris de jeu a fil gaming mouse  RGB LED M80,53.00 Dhs,,Jumia.ma,PC Game Hardware,2025-02-05 10:09:55,Aucune,
Grand Tapis souris clavier Gamer haute qualité pour PC bureau Rog-Zephy Sticker,59.00 Dhs,,Jumia.ma,Keyboard & Mice Accessories,2025-02-05 10:09:55,Aucune,
TAPIS DE SOURIS NOIR ANTIDÉRAPANTE CARBON,22.00 Dhs,,Jumia.ma,Keyboard & Mice Accessories,2025-02-05 10:09:55,Aucune,
Pack de jeu mobile 4 en 1 convertisseur Bluetooth ( Android,290.00 Dhs,,Jumia.ma,PC Game Hardware,2025-02-05 10:09:55,Aucune,
Clavier de Jeu QWERTY USB Rgb Led R260 pour PC Gamer,99.00 Dhs,,Jumia.ma,PC Game Hardware,2025-02-05 10:09:55,Aucune,
GameYes Clavier Gamer Clavier Gaming RGB Retro-Eclairé ( AZERTY ),115.00 Dhs,,Jumia.ma,PC Game Hardware,2025-02-05 10:09:55,Aucune,
Canon Cartouches d'encre PG-445 Noir,469.00 Dhs,,Jumia.ma,Non spécifiée,2025-02-05 10:09:55,Aucune,
Logitech F310 Manette de Jeu Filaire,199.00 Dhs,,Jumia.ma,PC Game Hardware,2025-02-05 10:09:55,Aucune,
Lettreant de clavier arabe pour PC et ordinateur portable Noir,9.00 Dhs,,Jumia.ma,Keyboard & Mice Accessories,2025-02-05 10:09:55,Aucune,
Adaptateur Multiport Type C 6 IN 1-HDMI 4K,219.00 Dhs,,Jumia.ma,USB-to-USB Adapters,2025-02-05 10:09:55,Aucune,
Recharge Poudre Laser Compatible Pour HP (1kg,260.00 Dhs,,Jumia.ma,Inkjet Printer Ink,2025-02-05 10:09:55,Aucune,
Jedel Casque Gamer RGB,135.00 Dhs,,Jumia.ma,PC Game Hardware,2025-02-05 10:09:55,Aucune,
Epson EcoTank L3250  WiFi à réservoirs rechargeables (impression,"1,799.00 Dhs",,Jumia.ma,Inkjet Printers,2025-02-05 10:09:55,Aucune,
Adaptateur USB 3.0 De Type,30.60 Dhs,,Jumia.ma,USB-to-USB Adapters,2025-02-05 10:09:55,Aucune,
Mini Clavier sans Fil 2.4GHz pavé numérique 18 Touches Compatible PC et Mac,95.00 Dhs,,Jumia.ma,Keyboards,2025-02-05 10:09:55,Aucune,
Jedel K590 LED RGB Backlight Wired Gaming Keyboard AZERTY,89.00 Dhs,,Jumia.ma,PC Game Hardware,2025-02-05 10:09:55,Aucune,
Casque Bluetooth V5.0 sans fil,82.10 Dhs,,Jumia.ma,Computer Headsets,2025-02-05 10:09:55,Aucune,
Tapis de souris fluide et souple Noir Antidérapant carbon,21.50 Dhs,,Jumia.ma,Keyboard & Mice Accessories,2025-02-05 10:09:55,Aucune,
Hp Pack cartouche d'origine 305 Noir,356.00 Dhs,,Jumia.ma,Inkjet Printer Ink,2025-02-05 10:09:55,Aucune,
Casque Bluetooth Sans Fil écouteur anti bruit STN,82.21 Dhs,,Jumia.ma,Computer Headsets,2025-02-05 10:09:55,Aucune,
Casque Filaire USB Avec Micro Pour Centre D'appels De Bureau sans bruit,189.00 Dhs,,Jumia.ma,Computer Headsets,2025-02-05 10:09:55,Aucune,
Mini souris optique filaire,19.00 Dhs,,Jumia.ma,PC Game Hardware,2025-02-05 10:09:55,Aucune,
"Seagate Disque Dur HDD 3.5"" SATA 2TB pour PC Bureau",480.00 Dhs,,Jumia.ma,Internal Hard Drives,2025-02-05 10:09:55,Aucune,
Câble iphone type-c  De Chargement De Données type-c pour iPhone 6 6S 7 8 Plus X XR XS 11 Pro Max 5 S 5C 5 SE iPad mini 2 3 Rapide Câbles de Chargeur type,34.00 Dhs,,Jumia.ma,USB Cables,2025-02-05 10:09:55,Aucune,
General Office Tapis De Souris  Repose,38.00 Dhs,,Jumia.ma,Keyboard & Mice Accessories,2025-02-05 10:09:58,Aucune,
Chargeur 12 V 3V 4.5V 6V 7.5V 9V,69.00 Dhs,,Jumia.ma,Chargers & Adapters,2025-02-05 10:09:58,Aucune,
Jedel Souris Optique à 3 Boutons -Sans fil 2.4Mhz 1000 dpi haute résolution,56.00 Dhs,,Jumia.ma,Mice,2025-02-05 10:09:58,Aucune,
Cartable PC Antivol Qualité Supérieure,139.99 Dhs,,Jumia.ma,"Bags, Cases & Sleeves",2025-02-05 10:09:58,Aucune,
Apple MacBook Air 13 2015,"2,999.00 Dhs",,Jumia.ma,Laptops,2025-02-05 10:09:58,Aucune,
Sacoche ordinateur Case Cover sac Pour PC portable 14 pouces pochet,89.00 Dhs,,Jumia.ma,"Bags, Cases & Sleeves",2025-02-05 10:09:58,Aucune,
Handboss Bouteille 650ml Nettoyage Mousse universelle Agent spray PC Surface Cleaner,48.00 Dhs,,Jumia.ma,Compressed Air Dusters,2025-02-05 10:09:58,Aucune,
TP-Link TL-WN722N Adaptateur USB Wi-Fi à Gain Elevé 150 Mbps Antenne 4dBi,145.00 Dhs,,Jumia.ma,Network Adapters,2025-02-05 10:09:58,Aucune,
SH Souris de jeu gamer PRO RGB Capteur Optique 1200 à 3200 DPI LED 6 boutons,79.00 Dhs,,Jumia.ma,PC Game Hardware,2025-02-05 10:09:58,Aucune,
Dml Casque Gamer Gaming,139.00 Dhs,,Jumia.ma,PC Game Hardware,2025-02-05 10:09:58,Aucune,
Casque Pro Gaming RGB filaire jack 3.5mm,130.00 Dhs,,Jumia.ma,Computer Headsets,2025-02-05 10:09:58,Aucune,
Support Adaptateur USB C 8 en 1 Type C 3.1 à 4K,179.00 Dhs,,Jumia.ma,USB-to-USB Adapters,2025-02-05 10:09:58,Aucune,
Razer Tapis de souris 4XL haute qualité pour PC et bureau goliathus,75.00 Dhs,,Jumia.ma,Keyboard & Mice Accessories,2025-02-05 10:09:58,Aucune,
AZATECH USB Wifi  Adaptateur 2.4 GHz 150 Mbps USB 2.0 Wifi d'ongle avec Antenne,69.00 Dhs,,Jumia.ma,Network Adapters,2025-02-05 10:09:58,Aucune,
XIAOMI Souris sans fil 1000 DPI 2.4GHz Wireless Mouse Lite,94.00 Dhs,,Jumia.ma,Mice,2025-02-05 10:09:58,Aucune,
Câble téléphonique RJ11,29.00 Dhs - 129.00 Dhs,,Jumia.ma,Ethernet Cables,2025-02-05 10:09:58,Aucune,
"Toshiba Disque Dur externe 1 TB USB 2.5"" Fast Speed pour Pc",380.00 Dhs,,Jumia.ma,External Hard Drives,2025-02-05 10:09:58,Aucune,
Logitech M240 Souris Bluetooth,179.00 Dhs,,Jumia.ma,Mice,2025-02-05 10:09:58,Aucune,
Cartable Sac à Dos pour PC Portable Ordinateur,149.00 Dhs,,Jumia.ma,"Bags, Cases & Sleeves",2025-02-05 10:09:58,Aucune,
Arduino Kit de démarrage RFID pour Arduino UNO R3 Version mise à niveau Kit d'apprentissage,489.00 Dhs,,Jumia.ma,Non spécifiée,2025-02-05 10:09:58,Aucune,
Hub USB type C,69.00 Dhs,,Jumia.ma,USB-to-USB Adapters,2025-02-05 10:09:58,Aucune,
Hp DeskTop,999.00 Dhs,,Jumia.ma,Desktops,2025-02-05 10:10:06,Aucune,
Casque Gaming 7.1 USB Micro Premium Anti Bruit Audio Stéréo Basse LED PC X,129.00 Dhs,,Jumia.ma,PC Game Hardware,2025-02-05 10:09:58,Aucune,
85A,99.00 Dhs,,Jumia.ma,Laser Printer Drums & Toner,2025-02-05 10:09:58,Aucune,
Câble Réseau Ethernet RJ45  CAT6 LAN,25.00 Dhs - 150.00 Dhs,,Jumia.ma,Ethernet Cables,2025-02-05 10:09:58,Aucune,
Hp EliteBook 840 14Pouce G3 Core,"2,699.00 Dhs",,Jumia.ma,Laptops,2025-02-05 10:09:58,Aucune,
Table Laptop Ajustable T8 Avec Ventilation Refroidissement 360°,169.99 Dhs,,Jumia.ma,Lapdesks,2025-02-05 10:09:58,Aucune,
Sac à Dos Anti-Vol pour Ordinateur Portable Voyage Collège Port de Charge USB,299.00 Dhs,,Jumia.ma,"Bags, Cases & Sleeves",2025-02-05 10:09:58,Aucune,
Adapter 8 in 1 USB C Hub Multi-Port Type C Adapter with 4K HDMI USB 3.0 Port,197.00 Dhs,,Jumia.ma,USB-to-USB Adapters,2025-02-05 10:09:58,Aucune,
X LEADER Clavier d'ordinateur Azerty Français-Arabe,49.90 Dhs,,Jumia.ma,Keyboards,2025-02-05 10:09:58,Aucune,
DELL PC Portable Latitude E6520,"1,599.00 Dhs",,Jumia.ma,Laptops,2025-02-05 10:09:58,Aucune,
Azami Tech Souris sans fil,89.00 Dhs,,Jumia.ma,Mice,2025-02-05 10:09:58,Aucune,
HDMI adaptateurs,49.00 Dhs,,Jumia.ma,DVI-HDMI Adapters,2025-02-05 10:09:58,Aucune,
Imice A9 Souris Filaire Gaming USB De Jeu Ordinateur De Bureau Et Portable RGB LIGHT,65.00 Dhs,,Jumia.ma,PC Game Hardware,2025-02-05 10:09:58,Aucune,
Adaptateur VGA Male vers HDMI Output 1080P HD,65.00 Dhs,,Jumia.ma,HDMI-to-VGA Adapters,2025-02-05 10:09:58,Aucune,
WDLINK Imprimante thermique Ticket 80mm Original,699.99 Dhs,,Jumia.ma,Label Printers,2025-02-05 10:09:58,Aucune,
Wacom Intuos Tablette Graphique,840.00 Dhs,,Jumia.ma,Graphics Tablets,2025-02-05 10:09:58,Aucune,
Jedel Pack Combo Gaming Clavier,129.00 Dhs,,Jumia.ma,PC Game Hardware,2025-02-05 10:09:58,Aucune,
GameYes Clavier Gamer USB Clavier Gaming RGB Retro-Eclairé ( AZERTY ),117.00 Dhs,,Jumia.ma,PC Game Hardware,2025-02-05 10:09:58,Aucune,
Support PC Portable Réglable en Aluminium,246.00 Dhs,,Jumia.ma,Mounts,2025-02-05 10:10:02,Aucune,
Tapis de souris XXL pour le bureau mousepad,69.00 Dhs,,Jumia.ma,Keyboard & Mice Accessories,2025-02-05 10:10:02,Aucune,
4 Bouteilles d'encre compatible avec les imprimantes a reservoire PIXMA G1400,145.00 Dhs,,Jumia.ma,Inkjet Printer Ink,2025-02-05 10:10:02,Aucune,
manette pc filaire usb pour bureau PC gaming,58.00 Dhs,,Jumia.ma,PC Game Hardware,2025-02-05 10:10:02,Aucune,
Canon Pack Cartouches 445 Noir,529.00 Dhs,,Jumia.ma,Inkjet Printer Ink,2025-02-05 10:10:02,Aucune,
Hub USB HUB 3.0,42.00 Dhs,,Jumia.ma,USB-to-USB Adapters,2025-02-05 10:10:02,Aucune,
4k USB Adaptateur HDMI Type-C- adaptateur 4k,79.00 Dhs,,Jumia.ma,USB-to-USB Adapters,2025-02-05 10:10:02,Aucune,
Laptop stand Support ordinateur portable en alliage d'aluminium réglable et pliable,78.00 Dhs,,Jumia.ma,Mounts,2025-02-05 10:10:02,Aucune,
Jedel la nouvelle haute qualité  originale Jedel Souris Gamer Sans fil,65.00 Dhs,,Jumia.ma,Mice,2025-02-05 10:10:02,Aucune,
Xtrike Casque gamer a son surround 7.1 RGB 50 MM en Metal haute performance PC PS4,339.00 Dhs,,Jumia.ma,PC Game Hardware,2025-02-05 10:10:02,Aucune,
TP-Link Point d'accès Wi-Fi,195.00 Dhs,,Jumia.ma,Wireless Access Points,2025-02-05 10:10:02,Aucune,
Sandisk X300s SD7SB3Q SSD 128Go (2,220.00 Dhs,,Jumia.ma,Internal Hard Drives,2025-02-05 10:10:02,Aucune,
Manette De Jeu Filaire USB pour PC,58.00 Dhs,,Jumia.ma,PC Game Hardware,2025-02-05 10:10:02,Aucune,
Hdmi Câble Splitter 3 en 1 entré HDMI 3 sortie  4K HDTV Switch Adapter,78.00 Dhs,,Jumia.ma,DVI-HDMI Adapters,2025-02-05 10:10:02,Aucune,
Chargeur Pour MacBook Pro 60 W,249.00 Dhs,,Jumia.ma,Chargers & Adapters,2025-02-05 10:10:02,Aucune,
Adaptateur USB vers RJ45,54.00 Dhs,,Jumia.ma,Network Adapters,2025-02-05 10:10:02,Aucune,
XIAOMI Original WIFI Repetiteur Point d'acces Global Version 300Mbps 2.4GHz contrôle d'application Intelligent 4 antennes Wifi Repeater,199.00 Dhs,,Jumia.ma,Routers,2025-02-05 10:10:02,Aucune,
Pvc (Pack de 230) carte PVC Vierge carte jawaz passe sanitaire Carte d'identité Carte de crédit pour imprimante Epson l805 (Pack de 230),249.00 Dhs,,Jumia.ma,Inkjet Printers,2025-02-05 10:10:02,Aucune,
Fujitsu Siemens Esprimo Q920 Micro Tiny,799.00 Dhs,,Jumia.ma,Desktops,2025-02-05 10:10:02,Aucune,
Adaptateur 8en1 Type-C Vers PD HDTV HDMI 4K RJ45 USB 3.0,175.30 Dhs,,Jumia.ma,HDMI-to-VGA Adapters,2025-02-05 10:10:02,Aucune,
SODO Casque Bluetooth 1008  V5.0 sans fil,118.00 Dhs,,Jumia.ma,Computer Headsets,2025-02-05 10:10:02,Aucune,
Orico Original Pochette de protection disque dur externe haute qualité,69.00 Dhs,,Jumia.ma,Hard Drive Bags & Cases,2025-02-05 10:10:02,Aucune,
Onikuma CW905 Souris de jeu a fil gaming Pro RGB LED 6400 Dpi,109.00 Dhs,,Jumia.ma,PC Game Hardware,2025-02-05 10:10:02,Aucune,
Polytoner Toner 44A,149.00 Dhs,,Jumia.ma,Laser Printer Drums & Toner,2025-02-05 10:10:02,Aucune,
Jedel Souris de jeu USB filaire d'ordinateur GM806 avec rétro-éclairage RGB 4000 Dpi Programmable,95.00 Dhs,,Jumia.ma,PC Game Hardware,2025-02-05 10:10:02,Aucune,
Casque de Gaming pour PS4 PS5 PC,69.00 Dhs,,Jumia.ma,PC Game Hardware,2025-02-05 10:10:02,Aucune,
Epson EcoTank L3250 Imprimante WiFi à réservoirs rechargeables,"1,799.00 Dhs",,Jumia.ma,Inkjet Printers,2025-02-05 10:10:02,Aucune,
WD Disque Dur Interne 500GB,199.00 Dhs,,Jumia.ma,Internal Hard Drives,2025-02-05 10:10:02,Aucune,
Hp Prodesk 280 G1 MT Intel Core,850.00 Dhs,,Jumia.ma,Desktops,2025-02-05 10:10:02,Aucune,
Haoxiang backpack ordinateur,177.00 Dhs,,Jumia.ma,"Bags, Cases & Sleeves",2025-02-05 10:10:02,Aucune,
Sandisk 128GB Ultra Dual Drive Go USB Type-C Flash Drive,189.00 Dhs,,Jumia.ma,USB Flash Drives,2025-02-05 10:10:02,Aucune,
Adaptateur multi-répartiteur USB C,79.00 Dhs,,Jumia.ma,USB-to-USB Adapters,2025-02-05 10:10:02,Aucune,
2 antennes SMA mâle 5 dbi pour 4G LTE routeur,56.00 Dhs,,Jumia.ma,Network Antennas,2025-02-05 10:10:02,Aucune,
Aoc Ecran Gaming C27G2X Moniteur de jeu incurvé de 27 pouce de 165 Hz,"2,590.00 Dhs",,Jumia.ma,Non spécifiée,2025-02-05 10:10:02,Aucune,
Adaptateur USB Type-C 7-in-1,127.00 Dhs,,Jumia.ma,USB-to-USB Adapters,2025-02-05 10:10:02,Aucune,
Lenovo ThinkVision T24i -10 -Moniteur FHD 24 pouces -frameless -Remis a neuf,"1,249.00 Dhs",,Jumia.ma,Non spécifiée,2025-02-05 10:10:02,Aucune,
Canon Pack Bouteilles d'encre GI-490 pour les imprimantes G sèries,479.00 Dhs,,Jumia.ma,Inkjet Printer Ink,2025-02-05 10:10:02,Aucune,
All In 1 HDD Docking Station Double 2.5 3.5 IDE SATA Boîte DISQUE DUR Externe USB2.0 Hubs Lecteur de Carte Externe du Boîtier,245.00 Dhs,,Jumia.ma,Hard Drive Enclosures,2025-02-05 10:10:06,Aucune,
Imice Souris Gaming Optique 8 Boutons LED 7200 DPI avec Câble USB 1,88.00 Dhs,,Jumia.ma,PC Game Hardware,2025-02-05 10:10:06,Aucune,
Table PC Portable Pliable Reglable,169.00 Dhs,,Jumia.ma,Lapdesks,2025-02-05 10:10:06,Aucune,
Sacoche ordinateur Case Cover sac Pour PC portable 13 pouces pochet,85.00 Dhs,,Jumia.ma,"Bags, Cases & Sleeves",2025-02-05 10:10:06,Aucune,
Lenovo Sacoche T210 pour ordinateurs portables 15,164.00 Dhs,,Jumia.ma,"Bags, Cases & Sleeves",2025-02-05 10:10:06,Aucune,
Adaptateur carte Micro SD SD2VITA PS Vita 1000,68.50 Dhs,,Jumia.ma,Memory Card Adapters,2025-02-05 10:10:06,Aucune,
DELL Pc,"1,790.00 Dhs",,Jumia.ma,Desktops,2025-02-05 10:10:06,Aucune,
Souris sans fil,89.00 Dhs,,Jumia.ma,Mice,2025-02-05 10:10:06,Aucune,
Asus X509J -,"3,490.00 Dhs",,Jumia.ma,Laptops,2025-02-05 10:10:06,Aucune,
Gx Tapis de souris clavier Gamer,59.00 Dhs,,Jumia.ma,Keyboard & Mice Accessories,2025-02-05 10:10:06,Aucune,
Samsung Original RAM 4GB DDR3L 1600MHz pour pc portable,119.00 Dhs,,Jumia.ma,Memory,2025-02-05 10:10:06,Aucune,
"Lenovo 15""","1,999.00 Dhs",,Jumia.ma,Laptops,2025-02-05 10:10:06,Aucune,
Phomemo M110 Imprimante d'étiquettes Bluetooth thermique Etiqueteuse Compatible avec Android,635.00 Dhs,,Jumia.ma,Label Printers,2025-02-05 10:10:06,Aucune,
Razer Souris DeathAdder Essential,377.40 Dhs,,Jumia.ma,PC Game Hardware,2025-02-05 10:10:06,Aucune,
Hp 4 bouteilles d'encre à haut rendement générique équivalent au modèle HP,145.00 Dhs,,Jumia.ma,Inkjet Printer Ink,2025-02-05 10:10:06,Aucune,
Jedel Haut Parleur Gamer RGB,125.00 Dhs,,Jumia.ma,Computer Speakers,2025-02-05 10:10:06,Aucune,
Bras Support 2 écran LCD PC Ordinateur,655.00 Dhs,,Jumia.ma,Non spécifiée,2025-02-05 10:10:06,Aucune,
Sac pc portable mallette portable cartable sacoche 14inch,99.00 Dhs,,Jumia.ma,"Bags, Cases & Sleeves",2025-02-05 10:10:06,Aucune,
Chargeur Pc Portable ASUS 19V 2.37A,199.00 Dhs,,Jumia.ma,Chargers & Adapters,2025-02-05 10:10:06,Aucune,
Lenovo PC Portable ThinkPad L460,"3,999.00 Dhs",,Jumia.ma,Laptops,2025-02-05 10:10:06,Aucune,
Câble 1.5 mètres Pour imprimante Usb A,25.00 Dhs,,Jumia.ma,USB Cables,2025-02-05 10:10:06,Aucune,
Hp Imprimante LASER MFP 137FNW PRINTER  Fax,"2,800.00 Dhs",,Jumia.ma,Multi-Function Printers,2025-02-05 10:10:06,Aucune,
Hp Imprimante laser monochrome M111w,"1,649.00 Dhs",,Jumia.ma,Laser Printers,2025-02-05 10:10:06,Aucune,
Adaptateur DisplayPort vers HDMI 4K,59.00 Dhs,,Jumia.ma,DVI-HDMI Adapters,2025-02-05 10:10:06,Aucune,
Logitech M171 Wireless Mouse,99.00 Dhs,,Jumia.ma,Mice,2025-02-05 10:10:06,Aucune,
Logitech G240 Cloth Tapis de souris de jeu,190.00 Dhs,,Jumia.ma,Keyboard & Mice Accessories,2025-02-05 10:10:06,Aucune,
Hp Imprimante Wi-Fi tout-en-un,569.00 Dhs,,Jumia.ma,Inkjet Printers,2025-02-05 10:10:06,Aucune,
2 antenne SMA mâle 5 dbi pour 4G LTE routeur orange et inwi,56.00 Dhs,,Jumia.ma,Network Antennas,2025-02-05 10:10:06,Aucune,
Hp CARTOUCHE 305 NOIR,178.50 Dhs,,Jumia.ma,Inkjet Printer Ink,2025-02-05 10:10:06,Aucune,
Hy510 Pâte thermique de refroidissement HY510,25.00 Dhs,,Jumia.ma,Fans & Cooling,2025-02-05 10:10:06,Aucune,
chargeur type c compatible 20V 2,170.00 Dhs,,Jumia.ma,Chargers & Adapters,2025-02-05 10:10:06,Aucune,
Adaptateur de câble OTG USB 3.0 Type C,25.40 Dhs,,Jumia.ma,USB-to-USB Adapters,2025-02-05 10:10:06,Aucune,
Grand tapis de souris de jeu ROG flame tapis de clavier,89.00 Dhs,,Jumia.ma,Keyboard & Mice Accessories,2025-02-05 10:10:06,Aucune,
Câble Réseau Ethernet RJ45 CAT6 30 Mètre haut débit qualité Pro By Electro World,119.99 Dhs,,Jumia.ma,Ethernet Cables,2025-02-05 10:10:06,Aucune,
Tapis de souris 4XL haute qualité pour PC bureau ROG JOINT,69.00 Dhs,,Jumia.ma,Keyboard & Mice Accessories,2025-02-05 10:10:06,Aucune,
Lenovo Chargeur 20V 2.25A 45W,249.00 Dhs,,Jumia.ma,Chargers & Adapters,2025-02-05 10:10:06,Aucune,
Laptop stand Support ordinateur portable en alliage d'aluminium réglable,63.99 Dhs,,Jumia.ma,Lapdesks,2025-02-05 10:10:06,Aucune,
HP EliteBook 840 G8,"4 390,00 MAD",,UltraPC.ma,PC Portables,2025-02-05 10:10:09,,https://www.ultrapc.ma/pc-portables/9012-hp-elitebook-840-g8-i5-1135g7-16-gb-256gb-ssd-14.html
HP EliteBook x360 830 G7...,"3 999,00 MAD",,UltraPC.ma,PC Portables,2025-02-05 10:10:09,"-1 000,00 MAD",https://www.ultrapc.ma/pc-portables-multimedia/9167-hp-elitebook-x360-830-g7-i5-10210u-16gb-256gb-ssd-133.html
Gigabyte G6 KF,"14 999,00 MAD",,UltraPC.ma,PC Portables,2025-02-05 10:10:09,,https://www.ultrapc.ma/pc-portables-gamer/8974-gigabyte-g6-kf-h3ee854kd-i7-13620h-16gb-ddr5-1tb-ssd-rtx4060-8gb-16-165hz.html
HP EliteBook 840 G6,"3 099,00 MAD",,UltraPC.ma,PC Portables,2025-02-05 10:10:09,"-200,00 MAD",https://www.ultrapc.ma/pc-portables-multimedia/9139-hp-elitebook-840-g6-i5-8365u-16gb-256gb-ssd.html
"Nouvel Arrivage
Aorus 15 BKG-13FR794CD Ultra7 155H","16 999,00 MAD",,UltraPC.ma,PC Portables,2025-02-05 10:10:09,,https://www.ultrapc.ma/pc-portables-gamer/9308-aorus-15-bkg-13fr794cd-ultra7-155h-16gb-ddr5-1tb-ssd-rtx4060-8gb-156-165hz.html
"Asus Rog SAC À DOS 17"" Noir","239,00 MAD",,UltraPC.ma,PC Portables,2025-02-05 10:10:09,"-150,00 MAD",https://www.ultrapc.ma/sac-sacoche-housse/9190-asus-rog-sac-a-dos-17-noir.html
MSI THIN 15 B12UCX,"8 499,00 MAD",,UltraPC.ma,PC Portables,2025-02-05 10:10:09,,https://www.ultrapc.ma/pc-portables-gamer/9226-msi-thin-15-b12ucx-1682xes-i5-12450h-16gb-ddr4-512gb-ssd-rtx2050-156-144hz.html
MSI THIN B13VE,"12 999,00 MAD",,UltraPC.ma,PC Portables,2025-02-05 10:10:09,"-1 000,00 MAD",https://www.ultrapc.ma/pc-portables-gamer/8798-msi-thin-b13ve-2473xma-i7-13620h-16gb-ddr4-512gb-rtx4050-6gb-156-144hz.html
Ugreen Sacoche PC PORTABLE 14 to 14,"237,00 MAD",,UltraPC.ma,PC Portables,2025-02-05 10:10:09,,https://www.ultrapc.ma/sac-sacoche-housse/6394-ugreen-sacoche-pc-portable-14-to-149.html
Ugreen sacoche pour ordinateur portable 15...,"270,00 MAD",,UltraPC.ma,PC Portables,2025-02-05 10:10:09,,https://www.ultrapc.ma/sac-sacoche-housse/6307-ugreen-sacoche-pour-ordinateur-portable-15-a159-.html
Lenovo ThinkPad T480s Intel Core...,"2 899,00 MAD",,UltraPC.ma,PC Portables,2025-02-05 10:10:09,"-300,00 MAD",https://www.ultrapc.ma/pc-portables-multimedia/5546-lenovo-thinkpad-t480s-intel-core-i5-8530u-8-go-256-ssd-14led-full-hd.html
Goui Sac à dos Line 20 litres,"399,00 MAD",,UltraPC.ma,PC Portables,2025-02-05 10:10:09,,https://www.ultrapc.ma/sac-sacoche-housse/8931-goui-sac-a-dos-line-20-litres.html
"Nouvel Arrivage
MSI Modern 15 H B13M-237MA Intel...","9 999,00 MAD",,UltraPC.ma,PC Portables,2025-02-05 10:10:09,,https://www.ultrapc.ma/pc-portables-gamer/9287-msi-modern-15-h-b13m-237ma-intel-i9-13900h-16go-ddr4-512gb-ssd-156-fhd-ips-windows11-noir-classic.html
HP EliteBook 830 G5,"2 999,00 MAD",,UltraPC.ma,PC Portables,2025-02-05 10:10:09,,https://www.ultrapc.ma/pc-portables/9224-hp-elitebook-830-g5-i5-8265u-8gb-256gb-ssd.html
Asus ROG Zephyrus G14-403UI-Q24W AMD Ryzen...,"23 990,00 MAD",,UltraPC.ma,PC Portables,2025-02-05 10:10:09,"-4 000,00 MAD",https://www.ultrapc.ma/pc-portables-gamer/9183-asus-rog-zephyrus-g14-403ui-q24w-amd-ryzen-9-8945hs-32gb-ddr5-1tb-ssd-rtx-4070-tgp-90w-14-3k-oled.html
ASUS TUF GAMING A15 FA506NFR-HN008 AMD...,"9 990,00 MAD",,UltraPC.ma,PC Portables,2025-02-05 10:10:09,"-1 000,00 MAD",https://www.ultrapc.ma/pc-portables-gamer/8914-asus-tuf-gaming-a15-fa506nfr-hn008-amd-r7-7435hs-16gb-ddr5-512gb-ssd-rtx2050-4gb-156-144hz.html
"Ugreen Sacoche  13"" à 13","229,00 MAD",,UltraPC.ma,PC Portables,2025-02-05 10:10:09,,https://www.ultrapc.ma/sac-sacoche-housse/7336-ugreen-sacoche-13-a-139-20448.html
"Nouvel Arrivage
MSI KATANA A15 AI Ryzen 7 8845HS","13 999,00 MAD",,UltraPC.ma,PC Portables,2025-02-05 10:10:09,"-1 000,00 MAD",https://www.ultrapc.ma/pc-portables-gamer/9405-msi-katana-a15-ai-ryzen-7-8845hs-16gb-ddr5-512gb-ssd-rtx4060-156-2k-ips-sans-emballage.html
MSI MODERN 14 C13M-1419MA Intel...,"6 999,00 MAD",,UltraPC.ma,PC Portables,2025-02-05 10:10:09,,https://www.ultrapc.ma/pc-portables-multimedia/9286-msi-modern-14-c13m-1419ma-intel-i5-1335u-16gb-ddr4-512gb-ssd-14-fhd-ips-win11-noir-classic.html
MSI THIN 15 B13VE-2659MA Intel...,"13 999,00 MAD",,UltraPC.ma,PC Portables,2025-02-05 10:10:09,,https://www.ultrapc.ma/pc-portables-gamer/9240-msi-thin-15-b13ve-2659ma-intel-i7-13620h-16gb-ddr4-512gb-ssd-rtx-4050-6gb-156-144hz-win11.html
MSI THIN B13UCX-2657MA Intel...,"10 999,00 MAD",,UltraPC.ma,PC Portables,2025-02-05 10:10:09,,https://www.ultrapc.ma/pc-portables-gamer/9239-msi-thin-b13ucx-2657ma-intel-i7-13620h-16gb-ddr4-512gb-ssd-rtx-2050-4gb-156-144hz-win11.html
HyperX Knight Backpack (8C525AA),"949,00 MAD",,UltraPC.ma,PC Portables,2025-02-05 10:10:09,,https://www.ultrapc.ma/sac-sacoche-housse/9164-hyperx-knight-backpack-8c525aa.html
HyperX Delta Backpack (8C524AA),"499,00 MAD",,UltraPC.ma,PC Portables,2025-02-05 10:10:09,,https://www.ultrapc.ma/sac-sacoche-housse/9163-sac-a-dos-ugreen-pc-portable-156-90798.html
LENOVO V15,"5 990,00 MAD",,UltraPC.ma,PC Portables,2025-02-05 10:10:09,,https://www.ultrapc.ma/pc-portables-multimedia/9118-lenovo-v15-iru-i5-13420h-8go-256go-ssd-156-sac-a-dos.html
Sac à Dos UGREEN PC Portable 15,"424,00 MAD",,UltraPC.ma,PC Portables,2025-02-05 10:10:09,,https://www.ultrapc.ma/sac-sacoche-housse/6302-sac-a-dos-ugreen-pc-portable-156-90798.html
MSI PULSE 16 AI C1VFKG-082MA Intel Ultra 9...,"24 999,00 MAD",,UltraPC.ma,PC Portables,2025-02-05 10:10:09,,https://www.ultrapc.ma/pc-portables-gamer/9284-msi-pulse-16-ai-c1vfkg-082ma-intel-ultra-9-185h-32gb-ddr5-1tb-ssd-rtx-4070-8gb-16-240hz-win11-w-bag.html
MSI PULSE 16 AI C1VFKG-081MA Intel Ultra 9...,"21 999,00 MAD",,UltraPC.ma,PC Portables,2025-02-05 10:10:09,,https://www.ultrapc.ma/pc-portables-gamer/9242-msi-pulse-16-ai-c1vfkg-081ma-intel-ultra-9-185h-16gb-ddr5-1tb-ssd-rtx-4060-8gb-16-240hz-win11h-w-bag.html
MSI SWORD 16 HX B14VGKG-851MA Intel...,"19 999,00 MAD",,UltraPC.ma,PC Portables,2025-02-05 10:10:09,,https://www.ultrapc.ma/pc-portables-gamer/9241-msi-sword-16-hx-b14vgkg-851ma-intel-i7-14700hx-16gb-ddr5-1tb-ssd-rtx-4070-8gb-16-165hz-win11h.html
"ASUS ROG BP4701 SAC À DOS 17"" Noir","399,00 MAD",,UltraPC.ma,PC Portables,2025-02-05 10:10:09,"-150,00 MAD",https://www.ultrapc.ma/sac-sacoche-housse/9191-asus-rog-bp4701-sac-a-dos-17-noir.html
Asus ROG Zephyrus G16-GU605MV-Q82W intel...,"24 400,00 MAD",,UltraPC.ma,PC Portables,2025-02-05 10:10:09,,https://www.ultrapc.ma/pc-portables-gamer/9171-asus-rog-zephyrus-g16-gu605mv-q82w-intel-core-ultra-9-32gb-1tb-ssd-rtx-4060-16-25k-oled-sans-emballage.html
ASUS ROG Zephyrus G16 GA605WI-Q05W Ryzen...,"26 990,00 MAD",,UltraPC.ma,PC Portables,2025-02-05 10:10:09,,https://www.ultrapc.ma/pc-portables-gamer/9013-asus-rog-zephyrus-g16-ga605wi-q05w-ryzen-ai-9-hx-370-32gb-ddr5-1tb-ssd-rtx-4070-8gb-16-oled-25k-240hz-sans-emballage.html
Gigabyte G5 KF5-H3FR353SD,"13,299.00MAD","14,999.00MAD",Setup Game,PC Portable,2025-02-05 10:10:10,,https://setupgame.ma/produit/pc-portable-gaming-gigabyte-g5-kf5-h3fr353sd/
ASUS TUF F15 FX506LH-HN004T,"6,599.00MAD","7,899.00MAD",Setup Game,PC Portable,2025-02-05 10:10:10,,https://setupgame.ma/produit/pc-portable-asus-f15-tuf506lh-gtx-1650-maroc/
ASUS TUF F15 FX506LH-HN004W,"6,599.00MAD","7,899.00MAD",Setup Game,PC Portable,2025-02-05 10:10:10,,https://setupgame.ma/produit/pc-portable-asus-f15-tuf506lw-gtx-1650-prix-maroc/
LENOVO GAMING 3 15ACH6,"7,749.00MAD","9,249.00MAD",Setup Game,PC Portable,2025-02-05 10:10:10,,https://setupgame.ma/produit/lenovo-gaming-3-15ach6-rtx-2050-maroc/
HP PAVILION GAMING 15-EC2011NK,"7,890.00MAD","8,690.00MAD",Setup Game,PC Portable,2025-02-05 10:10:10,,https://setupgame.ma/produit/hp-pavilion-gaming-15-ec2011nk-maroc/
LENOVO LOQ 15IAX9,"7,899.00MAD","8,999.00MAD",Setup Game,PC Portable,2025-02-05 10:10:10,,https://setupgame.ma/produit/pc-portable-lenovo-loq-15iax9-rtx-2050-maroc/
MSI GF63 11SC-658XMA,"7,990.00MAD","8,990.00MAD",Setup Game,PC Portable,2025-02-05 10:10:10,,https://setupgame.ma/produit/msi-gf63-thin-11sc-gtx-1650/
ERAZER Crawler E30e,"7,999.00MAD","9,599.00MAD",Setup Game,PC Portable,2025-02-05 10:10:10,,https://setupgame.ma/produit/pc-portable-erazer-crawler-e30e-rtx-2050-maroc/
HyperX Cloud Alpha S ( Noir ),"1,199.00MAD","1,499.00MAD",Setup Game,PC Portable,2025-02-05 10:10:10,,https://setupgame.ma/produit/casque-gamer-hyperx-cloud-alpha-s-maroc/
HyperX Alloy Origins 60,"1,199.00MAD","1,399.00MAD",Setup Game,PC Portable,2025-02-05 10:10:10,,https://setupgame.ma/produit/clavier-gamer-hyperx-alloy-origins-60-maroc/
HyperX Quadcast S Noir,"1,649.00MAD","2,149.00MAD",Setup Game,PC Portable,2025-02-05 10:10:10,,https://setupgame.ma/produit/microphone-hyperx-quadcast-s-noir-maroc/
HyperX Cloud Stinger 2 Core (PC),499.00MAD,599.00MAD,Setup Game,PC Portable,2025-02-05 10:10:10,,https://setupgame.ma/produit/hyperx-cloud-stinger-2-core-maroc/
HyperX Cloud III ( Noir ),"1,099.00MAD","1,399.00MAD",Setup Game,PC Portable,2025-02-05 10:10:10,,https://setupgame.ma/produit/casque-gamer-hyperx-cloud-iii-noir-maroc/
HyperX Cloud Alpha Rouge,899.00MAD,"1,099.00MAD",Setup Game,PC Portable,2025-02-05 10:10:10,,https://setupgame.ma/produit/hyperx-cloud-alpha-rouge-maroc/
HyperX Cloud III ( Rouge ),"1,099.00MAD","1,399.00MAD",Setup Game,PC Portable,2025-02-05 10:10:10,,https://setupgame.ma/produit/casque-gamer-hyperx-cloud-iii-rouge-maroc/
Y60,"25,899.00MAD","29,799.00MAD",Setup Game,PC Portable,2025-02-05 10:10:10,,https://setupgame.ma/produit/pc-gamer-ultra-7-265kf-rtx-4060ti-maroc/
ASUS A15 TUF507RC-HN011W,"8,499.00MAD","10,099.00MAD",Setup Game,PC Portable,2025-02-05 10:10:14,,https://setupgame.ma/produit/pc-portable-asus-a15-tuf507rc-hn011w-rtx-3050-maroc/
ASUS TUF 506HEB-HN150T,"8,499.00MAD","10,199.00MAD",Setup Game,PC Portable,2025-02-05 10:10:14,,https://setupgame.ma/produit/pc-portable-asus-tuf-506heb-rtx-3050ti-maroc/
ASUS TUF F15 FX516PE,"8,499.00MAD","9,799.00MAD",Setup Game,PC Portable,2025-02-05 10:10:14,,https://setupgame.ma/produit/pc-portable-tuf-f15-rtx-3050ti-maroc/
ASUS TUF F17 F706H,"8,499.00MAD","10,099.00MAD",Setup Game,PC Portable,2025-02-05 10:10:14,,https://setupgame.ma/produit/asus-tuf-f17-f706h-rtx-3050ti-maroc/
HP PAVILION GAMING 15-DK2013NK,"8,890.00MAD","9,490.00MAD",Setup Game,PC Portable,2025-02-05 10:10:14,,https://setupgame.ma/produit/hp-pavilion-15-dk2013nk-rtx-3050-maroc/
ASUS VIVOBOOK PRO N7600PC-K5W,"8,999.00MAD","10,799.00MAD",Setup Game,PC Portable,2025-02-05 10:10:14,,https://setupgame.ma/produit/asus-vivobook-pro-n7600pc-k5w-i7-11th-maroc/
Dell G15 5511,"9,190.00MAD","10,990.00MAD",Setup Game,PC Portable,2025-02-05 10:10:14,,https://setupgame.ma/produit/pc-portable-gaming-dell-g15-i5-11th-rtx-3050/
ASUS TUF DASH FX516PC-HN001W,"9,599.00MAD","11,499.00MAD",Setup Game,PC Portable,2025-02-05 10:10:19,,https://setupgame.ma/produit/asus-dash-fx516pc-hn001w-rtx-3050-maroc/
MSI Thin GF63 12UC,"9,699.00MAD","11,599.00MAD",Setup Game,PC Portable,2025-02-05 10:10:19,,https://setupgame.ma/produit/pc-portable-msi-thin-gf63-12uc-rtx-3050-maroc/
LENOVO LOQ 15IRX9,"9,999.00MAD","13,499.00MAD",Setup Game,PC Portable,2025-02-05 10:10:19,,https://setupgame.ma/produit/pc-portable-lenovo-loq-15irx9-rtx-3050-maroc/
HP OMEN 15-EK0002NK,"10,499.00MAD","12,599.00MAD",Setup Game,PC Portable,2025-02-05 10:10:19,,https://setupgame.ma/produit/hp-omen-15-ek0002nk-gtx-1660ti-maroc/
MSI GF63 Thin 11UD-1043XFR,"10,590.00MAD","11,590.00MAD",Setup Game,PC Portable,2025-02-05 10:10:19,,https://setupgame.ma/produit/pc-portable-gamer-rtx-3050ti-msi-maroc/
Gigabyte G5 KF,"10,990.00MAD","13,190.00MAD",Setup Game,PC Portable,2025-02-05 10:10:19,,https://setupgame.ma/produit/pc-portable-gaming-gigabyte-g5-kf-rtx-4060/
ASUS PRIME B550M,"1,299.00MAD","1,499.00MAD",Setup Game,PC Portable,2025-02-05 10:10:19,,https://setupgame.ma/produit/asus-prime-b550m-k-prix-maroc/
ASUS TUF Gaming VG24VQER 23.6″ 180Hz,"1,699.00MAD","2,299.00MAD",Setup Game,PC Portable,2025-02-05 10:10:19,,https://setupgame.ma/produit/moniteur-asus-tuf-gaming-vg24vqer-maroc/
ASUS ProArt PA279CRV 27″ LED IPS 4K,"6,999.00MAD","8,399.00MAD",Setup Game,PC Portable,2025-02-05 10:10:19,,https://setupgame.ma/produit/asus-27-led-proart-pa279crv-4k-maroc/
ASUS TUF Gaming VG249Q3A 23.8″ 180Hz,"1,599.00MAD","2,099.00MAD",Setup Game,PC Portable,2025-02-05 10:10:19,,https://setupgame.ma/produit/moniteur-asus-tuf-gaming-vg249q3a-maroc/
Hybrok 31.5″ HG32QHD 170Hz 1ms,"2,699.00MAD","3,299.00MAD",Setup Game,PC Portable,2025-02-05 10:10:19,,https://setupgame.ma/produit/moniteur-hybrok-hg32qhd-170hz-maroc/
MSI GF63 11SC-659XMA,"10,999.00MAD","14,499.00MAD",Setup Game,PC Portable,2025-02-05 10:10:25,,https://setupgame.ma/produit/msi-gf63-thin-11sc-gtx-1650-i7-11th/
Dell G15 5510,"11,990.00MAD","15,490.00MAD",Setup Game,PC Portable,2025-02-05 10:10:25,,https://setupgame.ma/produit/pc-portable-gaming-dell-g15-5510-rtx-3060/
Pc Portable Gaming ACER NITRO 5 AN515-57-529L,"11,990.00MAD","13,490.00MAD",Setup Game,PC Portable,2025-02-05 10:10:25,,https://setupgame.ma/produit/pc-portable-gaming-rtx-3070-acer-nitro-5/
MSI BRAVO 15 B5DD-299XMA,"12,999.00MAD","14,499.00MAD",Setup Game,PC Portable,2025-02-05 10:10:25,,https://setupgame.ma/produit/pc-portable-msi-bravo-15-b5dd-299xma/
MSI Cyborg 15 A12VE,"13,990.00MAD","16,790.00MAD",Setup Game,PC Portable,2025-02-05 10:10:25,,https://setupgame.ma/produit/pc-portable-gamer-msi-rtx-4050-maroc/
MSI Cyborg 15 A13VE,"14,490.00MAD","17,390.00MAD",Setup Game,PC Portable,2025-02-05 10:10:25,,https://setupgame.ma/produit/pc-portable-msi-cyborg-15-a13ve-rtx-4050-maroc/
Pc Portable Gaming ASUS ROG STRIX 17,"15,490.00MAD","17,990.00MAD",Setup Game,PC Portable,2025-02-05 10:10:32,,https://setupgame.ma/produit/pc-portable-gaming-asus-rog-strix-17-rtx-3060/
Pc Portable DELL XPS 13-9310,"15,490.00MAD","19,990.00MAD",Setup Game,PC Portable,2025-02-05 10:10:32,,https://setupgame.ma/produit/pc-portable-dell-xps-13-9310/
MSI GF66 KATANA 11UE,"15,999.00MAD","16,499.00MAD",Setup Game,PC Portable,2025-02-05 10:10:32,,https://setupgame.ma/produit/pc-portable-gamer-msi-gf66-katana-11ue-rtx-3050/
MSI Bravo 15 C7VFK,"16,490.00MAD","19,690.00MAD",Setup Game,PC Portable,2025-02-05 10:10:32,,https://setupgame.ma/produit/pc-portable-gamer-msi-bravo-15-c7vfk-maroc/
Pc Portable Gamer MSI GF66 Katana 11UE,"17,499.00MAD","17,999.00MAD",Setup Game,PC Portable,2025-02-05 10:10:32,,https://setupgame.ma/produit/msi-gf66-katana-11ue-rtx-3050/
MSI Katana 15 B13VFK,"19,490.00MAD","22,390.00MAD",Setup Game,PC Portable,2025-02-05 10:10:32,,https://setupgame.ma/produit/pc-portable-msi-katana-15-b13vfk-rtx-4060-maroc/
AORUS 16X ASG-53FRC54SH,"20,499.00MAD","23,499.00MAD",Setup Game,PC Portable,2025-02-05 10:10:32,,https://setupgame.ma/produit/pc-portable-gaming-aorus-16x-asg-53frc54sh-rtx-4070-maroc/
MSI GF76 KATANA 11UE,"22,499.00MAD","23,499.00MAD",Setup Game,PC Portable,2025-02-05 10:10:32,,https://setupgame.ma/produit/msi-gf76-katana-11ue-rtx-3060/
MSI LEOPARD GP66 11UE-679XMA,"22,799.00MAD","24,149.00MAD",Setup Game,PC Portable,2025-02-05 10:10:32,,https://setupgame.ma/produit/pc-portable-msi-leopard-gp66-11ue-679xma-maroc/
LENOVO LEGION PRO 5 16IRX9,"23,999.00MAD","25,499.00MAD",Setup Game,PC Portable,2025-02-05 10:10:38,,https://setupgame.ma/produit/legion-pro-5-16irx9-rtx-4060-maroc/
AORUS 16X ASG-63FRC65SH,"24,999.00MAD","26,499.00MAD",Setup Game,PC Portable,2025-02-05 10:10:38,,https://setupgame.ma/produit/pc-portable-gaming-aorus-16x-asg-63frc65sh-rtx-4070/
MSI PULSE GL66 12UEK-619MA,"25,999.00MAD","27,199.00MAD",Setup Game,PC Portable,2025-02-05 10:10:38,,https://setupgame.ma/produit/pc-portable-msi-pulse-gl66-12uek-619ma/
Pc Portable Gamer MSI Pulse GL76 12UGK-257XMA,"30,999.00MAD","32,499.00MAD",Setup Game,PC Portable,2025-02-05 10:10:38,,https://setupgame.ma/produit/pc-portable-gamer-msi-rtx-3070-maroc/
