Nom du produit,Prix,Site web,Catégorie,Date de collecte,Promotions
HP EliteBook 840 G8 i5-1135G7/16 GB/256GB...,"4 390,00 MAD",UltraPC,PC Portable,2025-02-01,
HP EliteBook x360 830 G7...,"3 999,00 MAD",UltraPC,PC Portable,2025-02-01,
HP EliteBook 840 G6 i5-8365U/16GB/256GB SSD,"3 099,00 MAD",UltraPC,PC Portable,2025-02-01,
Aorus 15 BKG-13FR794CD Ultra7 155H/16GB...,"16 999,00 MAD",UltraPC,PC Portable,2025-02-01,
"Asus Rog SAC À DOS 17"" Noir","239,00 MAD",UltraPC,PC Portable,2025-02-01,
MSI THIN 15 B12UCX-1682XES i5-12450H/16GB...,"8 499,00 MAD",UltraPC,PC Portable,2025-02-01,
Lenovo ThinkPad T480s Intel Core...,"2 899,00 MAD",UltraPC,PC Portable,2025-02-01,
MSI THIN B13VE-2473XMA i7 13620H/16GB...,"12 999,00 MAD",UltraPC,PC Portable,2025-02-01,
"Ugreen Sacoche PC PORTABLE 14 to 14,9","237,00 MAD",UltraPC,PC Portable,2025-02-01,
Ugreen sacoche pour ordinateur portable 15...,"270,00 MAD",UltraPC,PC Portable,2025-02-01,
MSI THIN B13VE-2474MA i7 13620H/16GB...,"13 999,00 MAD",UltraPC,PC Portable,2025-02-01,
Asus ROG Zephyrus G14-403UI-Q24W AMD Ryzen...,"23 990,00 MAD",UltraPC,PC Portable,2025-02-01,
Goui Sac à dos Line 20 litres,"399,00 MAD",UltraPC,PC Portable,2025-02-01,
MSI Modern 15 H B13M-237MA Intel...,"9 999,00 MAD",UltraPC,PC Portable,2025-02-01,
MSI MODERN 14 C13M-1419MA Intel...,"6 999,00 MAD",UltraPC,PC Portable,2025-02-01,
HP EliteBook 830 G5 i5-8265U/8GB/256GB SSD,"2 999,00 MAD",UltraPC,PC Portable,2025-02-01,
ASUS TUF GAMING A15 FA506NFR-HN008 AMD...,"9 990,00 MAD",UltraPC,PC Portable,2025-02-01,
"Ugreen Sacoche  13"" à 13,9"" (20448)","229,00 MAD",UltraPC,PC Portable,2025-02-01,
"Sac à Dos UGREEN PC Portable 15,6 (90798)","424,00 MAD",UltraPC,PC Portable,2025-02-01,
MSI KATANA A15 AI Ryzen 7 8845HS/16GB DDR5...,"13 999,00 MAD",UltraPC,PC Portable,2025-02-01,
MSI THIN 15 B13VE-2659MA Intel...,"13 999,00 MAD",UltraPC,PC Portable,2025-02-01,
MSI THIN B13UCX-2657MA Intel...,"10 999,00 MAD",UltraPC,PC Portable,2025-02-01,
HyperX Knight Backpack (8C525AA),"949,00 MAD",UltraPC,PC Portable,2025-02-01,
HyperX Delta Backpack (8C524AA),"499,00 MAD",UltraPC,PC Portable,2025-02-01,
LENOVO V15-IRU i5-13420H/8Go/256Go...,"5 990,00 MAD",UltraPC,PC Portable,2025-02-01,
MSI PULSE 16 AI C1VFKG-082MA Intel Ultra 9...,"24 999,00 MAD",UltraPC,PC Portable,2025-02-01,
MSI PULSE 16 AI C1VFKG-081MA Intel Ultra 9...,"21 999,00 MAD",UltraPC,PC Portable,2025-02-01,
MSI SWORD 16 HX B14VGKG-851MA Intel...,"19 999,00 MAD",UltraPC,PC Portable,2025-02-01,
"ASUS ROG BP4701 SAC À DOS 17"" Noir","399,00 MAD",UltraPC,PC Portable,2025-02-01,
Asus ROG Zephyrus G16-GU605MV-Q82W intel...,"24 400,00 MAD",UltraPC,PC Portable,2025-02-01,
ASUS ROG Zephyrus G16 GA605WI-Q05W Ryzen...,"26 990,00 MAD",UltraPC,PC Portable,2025-02-01,
MSI CYBORG 15 A13VF-1474MA i7 13620H/16GB...,"14 999,00 MAD",UltraPC,PC Portable,2025-02-01,
HP EliteBook 840 G8 i5-1135G7/16 GB/256GB...,"4 390,00 MAD",UltraPC,PC Portable,2025-02-01,
HP EliteBook x360 830 G7...,"3 999,00 MAD",UltraPC,PC Portable,2025-02-01,
HP EliteBook 840 G6 i5-8365U/16GB/256GB SSD,"3 099,00 MAD",UltraPC,PC Portable,2025-02-01,
Aorus 15 BKG-13FR794CD Ultra7 155H/16GB...,"16 999,00 MAD",UltraPC,PC Portable,2025-02-01,
"Asus Rog SAC À DOS 17"" Noir","239,00 MAD",UltraPC,PC Portable,2025-02-01,
MSI THIN 15 B12UCX-1682XES i5-12450H/16GB...,"8 499,00 MAD",UltraPC,PC Portable,2025-02-01,
Lenovo ThinkPad T480s Intel Core...,"2 899,00 MAD",UltraPC,PC Portable,2025-02-01,
MSI THIN B13VE-2473XMA i7 13620H/16GB...,"12 999,00 MAD",UltraPC,PC Portable,2025-02-01,
"Ugreen Sacoche PC PORTABLE 14 to 14,9","237,00 MAD",UltraPC,PC Portable,2025-02-01,
Ugreen sacoche pour ordinateur portable 15...,"270,00 MAD",UltraPC,PC Portable,2025-02-01,
MSI THIN B13VE-2474MA i7 13620H/16GB...,"13 999,00 MAD",UltraPC,PC Portable,2025-02-01,
Asus ROG Zephyrus G14-403UI-Q24W AMD Ryzen...,"23 990,00 MAD",UltraPC,PC Portable,2025-02-01,
Goui Sac à dos Line 20 litres,"399,00 MAD",UltraPC,PC Portable,2025-02-01,
MSI Modern 15 H B13M-237MA Intel...,"9 999,00 MAD",UltraPC,PC Portable,2025-02-01,
MSI MODERN 14 C13M-1419MA Intel...,"6 999,00 MAD",UltraPC,PC Portable,2025-02-01,
HP EliteBook 830 G5 i5-8265U/8GB/256GB SSD,"2 999,00 MAD",UltraPC,PC Portable,2025-02-01,
ASUS TUF GAMING A15 FA506NFR-HN008 AMD...,"9 990,00 MAD",UltraPC,PC Portable,2025-02-01,
"Ugreen Sacoche  13"" à 13,9"" (20448)","229,00 MAD",UltraPC,PC Portable,2025-02-01,
"Sac à Dos UGREEN PC Portable 15,6 (90798)","424,00 MAD",UltraPC,PC Portable,2025-02-01,
MSI KATANA A15 AI Ryzen 7 8845HS/16GB DDR5...,"13 999,00 MAD",UltraPC,PC Portable,2025-02-01,
MSI THIN 15 B13VE-2659MA Intel...,"13 999,00 MAD",UltraPC,PC Portable,2025-02-01,
MSI THIN B13UCX-2657MA Intel...,"10 999,00 MAD",UltraPC,PC Portable,2025-02-01,
HyperX Knight Backpack (8C525AA),"949,00 MAD",UltraPC,PC Portable,2025-02-01,
HyperX Delta Backpack (8C524AA),"499,00 MAD",UltraPC,PC Portable,2025-02-01,
LENOVO V15-IRU i5-13420H/8Go/256Go...,"5 990,00 MAD",UltraPC,PC Portable,2025-02-01,
MSI PULSE 16 AI C1VFKG-082MA Intel Ultra 9...,"24 999,00 MAD",UltraPC,PC Portable,2025-02-01,
MSI PULSE 16 AI C1VFKG-081MA Intel Ultra 9...,"21 999,00 MAD",UltraPC,PC Portable,2025-02-01,
MSI SWORD 16 HX B14VGKG-851MA Intel...,"19 999,00 MAD",UltraPC,PC Portable,2025-02-01,
"ASUS ROG BP4701 SAC À DOS 17"" Noir","399,00 MAD",UltraPC,PC Portable,2025-02-01,
Asus ROG Zephyrus G16-GU605MV-Q82W intel...,"24 400,00 MAD",UltraPC,PC Portable,2025-02-01,
ASUS ROG Zephyrus G16 GA605WI-Q05W Ryzen...,"26 990,00 MAD",UltraPC,PC Portable,2025-02-01,
MSI CYBORG 15 A13VF-1474MA i7 13620H/16GB...,"14 999,00 MAD",UltraPC,PC Portable,2025-02-01,
HP EliteBook 840 G8 i5-1135G7/16 GB/256GB...,"4 390,00 MAD",UltraPC,PC Portable,2025-02-01,
HP EliteBook x360 830 G7...,"3 999,00 MAD",UltraPC,PC Portable,2025-02-01,
HP EliteBook 840 G6 i5-8365U/16GB/256GB SSD,"3 099,00 MAD",UltraPC,PC Portable,2025-02-01,
Aorus 15 BKG-13FR794CD Ultra7 155H/16GB...,"16 999,00 MAD",UltraPC,PC Portable,2025-02-01,
"Asus Rog SAC À DOS 17"" Noir","239,00 MAD",UltraPC,PC Portable,2025-02-01,
MSI THIN 15 B12UCX-1682XES i5-12450H/16GB...,"8 499,00 MAD",UltraPC,PC Portable,2025-02-01,
Lenovo ThinkPad T480s Intel Core...,"2 899,00 MAD",UltraPC,PC Portable,2025-02-01,
MSI THIN B13VE-2473XMA i7 13620H/16GB...,"12 999,00 MAD",UltraPC,PC Portable,2025-02-01,
"Ugreen Sacoche PC PORTABLE 14 to 14,9","237,00 MAD",UltraPC,PC Portable,2025-02-01,
Ugreen sacoche pour ordinateur portable 15...,"270,00 MAD",UltraPC,PC Portable,2025-02-01,
MSI THIN B13VE-2474MA i7 13620H/16GB...,"13 999,00 MAD",UltraPC,PC Portable,2025-02-01,
Asus ROG Zephyrus G14-403UI-Q24W AMD Ryzen...,"23 990,00 MAD",UltraPC,PC Portable,2025-02-01,
Goui Sac à dos Line 20 litres,"399,00 MAD",UltraPC,PC Portable,2025-02-01,
MSI Modern 15 H B13M-237MA Intel...,"9 999,00 MAD",UltraPC,PC Portable,2025-02-01,
MSI MODERN 14 C13M-1419MA Intel...,"6 999,00 MAD",UltraPC,PC Portable,2025-02-01,
HP EliteBook 830 G5 i5-8265U/8GB/256GB SSD,"2 999,00 MAD",UltraPC,PC Portable,2025-02-01,
ASUS TUF GAMING A15 FA506NFR-HN008 AMD...,"9 990,00 MAD",UltraPC,PC Portable,2025-02-01,
"Ugreen Sacoche  13"" à 13,9"" (20448)","229,00 MAD",UltraPC,PC Portable,2025-02-01,
"Sac à Dos UGREEN PC Portable 15,6 (90798)","424,00 MAD",UltraPC,PC Portable,2025-02-01,
MSI KATANA A15 AI Ryzen 7 8845HS/16GB DDR5...,"13 999,00 MAD",UltraPC,PC Portable,2025-02-01,
MSI THIN 15 B13VE-2659MA Intel...,"13 999,00 MAD",UltraPC,PC Portable,2025-02-01,
MSI THIN B13UCX-2657MA Intel...,"10 999,00 MAD",UltraPC,PC Portable,2025-02-01,
HyperX Knight Backpack (8C525AA),"949,00 MAD",UltraPC,PC Portable,2025-02-01,
HyperX Delta Backpack (8C524AA),"499,00 MAD",UltraPC,PC Portable,2025-02-01,
LENOVO V15-IRU i5-13420H/8Go/256Go...,"5 990,00 MAD",UltraPC,PC Portable,2025-02-01,
MSI PULSE 16 AI C1VFKG-082MA Intel Ultra 9...,"24 999,00 MAD",UltraPC,PC Portable,2025-02-01,
MSI PULSE 16 AI C1VFKG-081MA Intel Ultra 9...,"21 999,00 MAD",UltraPC,PC Portable,2025-02-01,
MSI SWORD 16 HX B14VGKG-851MA Intel...,"19 999,00 MAD",UltraPC,PC Portable,2025-02-01,
"ASUS ROG BP4701 SAC À DOS 17"" Noir","399,00 MAD",UltraPC,PC Portable,2025-02-01,
Asus ROG Zephyrus G16-GU605MV-Q82W intel...,"24 400,00 MAD",UltraPC,PC Portable,2025-02-01,
ASUS ROG Zephyrus G16 GA605WI-Q05W Ryzen...,"26 990,00 MAD",UltraPC,PC Portable,2025-02-01,
MSI CYBORG 15 A13VF-1474MA i7 13620H/16GB...,"14 999,00 MAD",UltraPC,PC Portable,2025-02-01,
HP EliteBook 840 G8 i5-1135G7/16 GB/256GB...,"4 390,00 MAD",UltraPC,PC Portable,2025-02-01,
HP EliteBook x360 830 G7...,"3 999,00 MAD",UltraPC,PC Portable,2025-02-01,
HP EliteBook 840 G6 i5-8365U/16GB/256GB SSD,"3 099,00 MAD",UltraPC,PC Portable,2025-02-01,
Aorus 15 BKG-13FR794CD Ultra7 155H/16GB...,"16 999,00 MAD",UltraPC,PC Portable,2025-02-01,
"Asus Rog SAC À DOS 17"" Noir","239,00 MAD",UltraPC,PC Portable,2025-02-01,
MSI THIN 15 B12UCX-1682XES i5-12450H/16GB...,"8 499,00 MAD",UltraPC,PC Portable,2025-02-01,
Lenovo ThinkPad T480s Intel Core...,"2 899,00 MAD",UltraPC,PC Portable,2025-02-01,
MSI THIN B13VE-2473XMA i7 13620H/16GB...,"12 999,00 MAD",UltraPC,PC Portable,2025-02-01,
"Ugreen Sacoche PC PORTABLE 14 to 14,9","237,00 MAD",UltraPC,PC Portable,2025-02-01,
Ugreen sacoche pour ordinateur portable 15...,"270,00 MAD",UltraPC,PC Portable,2025-02-01,
MSI THIN B13VE-2474MA i7 13620H/16GB...,"13 999,00 MAD",UltraPC,PC Portable,2025-02-01,
Asus ROG Zephyrus G14-403UI-Q24W AMD Ryzen...,"23 990,00 MAD",UltraPC,PC Portable,2025-02-01,
Goui Sac à dos Line 20 litres,"399,00 MAD",UltraPC,PC Portable,2025-02-01,
MSI Modern 15 H B13M-237MA Intel...,"9 999,00 MAD",UltraPC,PC Portable,2025-02-01,
MSI MODERN 14 C13M-1419MA Intel...,"6 999,00 MAD",UltraPC,PC Portable,2025-02-01,
HP EliteBook 830 G5 i5-8265U/8GB/256GB SSD,"2 999,00 MAD",UltraPC,PC Portable,2025-02-01,
ASUS TUF GAMING A15 FA506NFR-HN008 AMD...,"9 990,00 MAD",UltraPC,PC Portable,2025-02-01,
"Ugreen Sacoche  13"" à 13,9"" (20448)","229,00 MAD",UltraPC,PC Portable,2025-02-01,
"Sac à Dos UGREEN PC Portable 15,6 (90798)","424,00 MAD",UltraPC,PC Portable,2025-02-01,
MSI KATANA A15 AI Ryzen 7 8845HS/16GB DDR5...,"13 999,00 MAD",UltraPC,PC Portable,2025-02-01,
MSI THIN 15 B13VE-2659MA Intel...,"13 999,00 MAD",UltraPC,PC Portable,2025-02-01,
MSI THIN B13UCX-2657MA Intel...,"10 999,00 MAD",UltraPC,PC Portable,2025-02-01,
HyperX Knight Backpack (8C525AA),"949,00 MAD",UltraPC,PC Portable,2025-02-01,
HyperX Delta Backpack (8C524AA),"499,00 MAD",UltraPC,PC Portable,2025-02-01,
LENOVO V15-IRU i5-13420H/8Go/256Go...,"5 990,00 MAD",UltraPC,PC Portable,2025-02-01,
MSI PULSE 16 AI C1VFKG-082MA Intel Ultra 9...,"24 999,00 MAD",UltraPC,PC Portable,2025-02-01,
MSI PULSE 16 AI C1VFKG-081MA Intel Ultra 9...,"21 999,00 MAD",UltraPC,PC Portable,2025-02-01,
MSI SWORD 16 HX B14VGKG-851MA Intel...,"19 999,00 MAD",UltraPC,PC Portable,2025-02-01,
"ASUS ROG BP4701 SAC À DOS 17"" Noir","399,00 MAD",UltraPC,PC Portable,2025-02-01,
Asus ROG Zephyrus G16-GU605MV-Q82W intel...,"24 400,00 MAD",UltraPC,PC Portable,2025-02-01,
ASUS ROG Zephyrus G16 GA605WI-Q05W Ryzen...,"26 990,00 MAD",UltraPC,PC Portable,2025-02-01,
MSI CYBORG 15 A13VF-1474MA i7 13620H/16GB...,"14 999,00 MAD",UltraPC,PC Portable,2025-02-01,
HP EliteBook 840 G8 i5-1135G7/16 GB/256GB...,"4 390,00 MAD",UltraPC,PC Portable,2025-02-01,
HP EliteBook x360 830 G7...,"3 999,00 MAD",UltraPC,PC Portable,2025-02-01,
HP EliteBook 840 G6 i5-8365U/16GB/256GB SSD,"3 099,00 MAD",UltraPC,PC Portable,2025-02-01,
Aorus 15 BKG-13FR794CD Ultra7 155H/16GB...,"16 999,00 MAD",UltraPC,PC Portable,2025-02-01,
"Asus Rog SAC À DOS 17"" Noir","239,00 MAD",UltraPC,PC Portable,2025-02-01,
MSI THIN 15 B12UCX-1682XES i5-12450H/16GB...,"8 499,00 MAD",UltraPC,PC Portable,2025-02-01,
Lenovo ThinkPad T480s Intel Core...,"2 899,00 MAD",UltraPC,PC Portable,2025-02-01,
MSI THIN B13VE-2473XMA i7 13620H/16GB...,"12 999,00 MAD",UltraPC,PC Portable,2025-02-01,
"Ugreen Sacoche PC PORTABLE 14 to 14,9","237,00 MAD",UltraPC,PC Portable,2025-02-01,
Ugreen sacoche pour ordinateur portable 15...,"270,00 MAD",UltraPC,PC Portable,2025-02-01,
MSI THIN B13VE-2474MA i7 13620H/16GB...,"13 999,00 MAD",UltraPC,PC Portable,2025-02-01,
Asus ROG Zephyrus G14-403UI-Q24W AMD Ryzen...,"23 990,00 MAD",UltraPC,PC Portable,2025-02-01,
Goui Sac à dos Line 20 litres,"399,00 MAD",UltraPC,PC Portable,2025-02-01,
MSI Modern 15 H B13M-237MA Intel...,"9 999,00 MAD",UltraPC,PC Portable,2025-02-01,
MSI MODERN 14 C13M-1419MA Intel...,"6 999,00 MAD",UltraPC,PC Portable,2025-02-01,
HP EliteBook 830 G5 i5-8265U/8GB/256GB SSD,"2 999,00 MAD",UltraPC,PC Portable,2025-02-01,
ASUS TUF GAMING A15 FA506NFR-HN008 AMD...,"9 990,00 MAD",UltraPC,PC Portable,2025-02-01,
"Ugreen Sacoche  13"" à 13,9"" (20448)","229,00 MAD",UltraPC,PC Portable,2025-02-01,
"Sac à Dos UGREEN PC Portable 15,6 (90798)","424,00 MAD",UltraPC,PC Portable,2025-02-01,
MSI KATANA A15 AI Ryzen 7 8845HS/16GB DDR5...,"13 999,00 MAD",UltraPC,PC Portable,2025-02-01,
MSI THIN 15 B13VE-2659MA Intel...,"13 999,00 MAD",UltraPC,PC Portable,2025-02-01,
MSI THIN B13UCX-2657MA Intel...,"10 999,00 MAD",UltraPC,PC Portable,2025-02-01,
HyperX Knight Backpack (8C525AA),"949,00 MAD",UltraPC,PC Portable,2025-02-01,
HyperX Delta Backpack (8C524AA),"499,00 MAD",UltraPC,PC Portable,2025-02-01,
LENOVO V15-IRU i5-13420H/8Go/256Go...,"5 990,00 MAD",UltraPC,PC Portable,2025-02-01,
MSI PULSE 16 AI C1VFKG-082MA Intel Ultra 9...,"24 999,00 MAD",UltraPC,PC Portable,2025-02-01,
MSI PULSE 16 AI C1VFKG-081MA Intel Ultra 9...,"21 999,00 MAD",UltraPC,PC Portable,2025-02-01,
MSI SWORD 16 HX B14VGKG-851MA Intel...,"19 999,00 MAD",UltraPC,PC Portable,2025-02-01,
"ASUS ROG BP4701 SAC À DOS 17"" Noir","399,00 MAD",UltraPC,PC Portable,2025-02-01,
Asus ROG Zephyrus G16-GU605MV-Q82W intel...,"24 400,00 MAD",UltraPC,PC Portable,2025-02-01,
ASUS ROG Zephyrus G16 GA605WI-Q05W Ryzen...,"26 990,00 MAD",UltraPC,PC Portable,2025-02-01,
MSI CYBORG 15 A13VF-1474MA i7 13620H/16GB...,"14 999,00 MAD",UltraPC,PC Portable,2025-02-01,
HP EliteBook 840 G8 i5-1135G7/16 GB/256GB...,"4 390,00 MAD",UltraPC,PC Portable,2025-02-01,
HP EliteBook x360 830 G7...,"3 999,00 MAD",UltraPC,PC Portable,2025-02-01,
HP EliteBook 840 G6 i5-8365U/16GB/256GB SSD,"3 099,00 MAD",UltraPC,PC Portable,2025-02-01,
Aorus 15 BKG-13FR794CD Ultra7 155H/16GB...,"16 999,00 MAD",UltraPC,PC Portable,2025-02-01,
"Asus Rog SAC À DOS 17"" Noir","239,00 MAD",UltraPC,PC Portable,2025-02-01,
MSI THIN 15 B12UCX-1682XES i5-12450H/16GB...,"8 499,00 MAD",UltraPC,PC Portable,2025-02-01,
Lenovo ThinkPad T480s Intel Core...,"2 899,00 MAD",UltraPC,PC Portable,2025-02-01,
MSI THIN B13VE-2473XMA i7 13620H/16GB...,"12 999,00 MAD",UltraPC,PC Portable,2025-02-01,
"Ugreen Sacoche PC PORTABLE 14 to 14,9","237,00 MAD",UltraPC,PC Portable,2025-02-01,
Ugreen sacoche pour ordinateur portable 15...,"270,00 MAD",UltraPC,PC Portable,2025-02-01,
MSI THIN B13VE-2474MA i7 13620H/16GB...,"13 999,00 MAD",UltraPC,PC Portable,2025-02-01,
Asus ROG Zephyrus G14-403UI-Q24W AMD Ryzen...,"23 990,00 MAD",UltraPC,PC Portable,2025-02-01,
Goui Sac à dos Line 20 litres,"399,00 MAD",UltraPC,PC Portable,2025-02-01,
MSI Modern 15 H B13M-237MA Intel...,"9 999,00 MAD",UltraPC,PC Portable,2025-02-01,
MSI MODERN 14 C13M-1419MA Intel...,"6 999,00 MAD",UltraPC,PC Portable,2025-02-01,
HP EliteBook 830 G5 i5-8265U/8GB/256GB SSD,"2 999,00 MAD",UltraPC,PC Portable,2025-02-01,
ASUS TUF GAMING A15 FA506NFR-HN008 AMD...,"9 990,00 MAD",UltraPC,PC Portable,2025-02-01,
"Ugreen Sacoche  13"" à 13,9"" (20448)","229,00 MAD",UltraPC,PC Portable,2025-02-01,
"Sac à Dos UGREEN PC Portable 15,6 (90798)","424,00 MAD",UltraPC,PC Portable,2025-02-01,
MSI KATANA A15 AI Ryzen 7 8845HS/16GB DDR5...,"13 999,00 MAD",UltraPC,PC Portable,2025-02-01,
MSI THIN 15 B13VE-2659MA Intel...,"13 999,00 MAD",UltraPC,PC Portable,2025-02-01,
MSI THIN B13UCX-2657MA Intel...,"10 999,00 MAD",UltraPC,PC Portable,2025-02-01,
HyperX Knight Backpack (8C525AA),"949,00 MAD",UltraPC,PC Portable,2025-02-01,
HyperX Delta Backpack (8C524AA),"499,00 MAD",UltraPC,PC Portable,2025-02-01,
LENOVO V15-IRU i5-13420H/8Go/256Go...,"5 990,00 MAD",UltraPC,PC Portable,2025-02-01,
MSI PULSE 16 AI C1VFKG-082MA Intel Ultra 9...,"24 999,00 MAD",UltraPC,PC Portable,2025-02-01,
MSI PULSE 16 AI C1VFKG-081MA Intel Ultra 9...,"21 999,00 MAD",UltraPC,PC Portable,2025-02-01,
MSI SWORD 16 HX B14VGKG-851MA Intel...,"19 999,00 MAD",UltraPC,PC Portable,2025-02-01,
"ASUS ROG BP4701 SAC À DOS 17"" Noir","399,00 MAD",UltraPC,PC Portable,2025-02-01,
Asus ROG Zephyrus G16-GU605MV-Q82W intel...,"24 400,00 MAD",UltraPC,PC Portable,2025-02-01,
ASUS ROG Zephyrus G16 GA605WI-Q05W Ryzen...,"26 990,00 MAD",UltraPC,PC Portable,2025-02-01,
MSI CYBORG 15 A13VF-1474MA i7 13620H/16GB...,"14 999,00 MAD",UltraPC,PC Portable,2025-02-01,
HP EliteBook 840 G8 i5-1135G7/16 GB/256GB...,"4 390,00 MAD",UltraPC,PC Portable,2025-02-01,
HP EliteBook x360 830 G7...,"3 999,00 MAD",UltraPC,PC Portable,2025-02-01,
HP EliteBook 840 G6 i5-8365U/16GB/256GB SSD,"3 099,00 MAD",UltraPC,PC Portable,2025-02-01,
Aorus 15 BKG-13FR794CD Ultra7 155H/16GB...,"16 999,00 MAD",UltraPC,PC Portable,2025-02-01,
"Asus Rog SAC À DOS 17"" Noir","239,00 MAD",UltraPC,PC Portable,2025-02-01,
MSI THIN 15 B12UCX-1682XES i5-12450H/16GB...,"8 499,00 MAD",UltraPC,PC Portable,2025-02-01,
Lenovo ThinkPad T480s Intel Core...,"2 899,00 MAD",UltraPC,PC Portable,2025-02-01,
MSI THIN B13VE-2473XMA i7 13620H/16GB...,"12 999,00 MAD",UltraPC,PC Portable,2025-02-01,
"Ugreen Sacoche PC PORTABLE 14 to 14,9","237,00 MAD",UltraPC,PC Portable,2025-02-01,
Ugreen sacoche pour ordinateur portable 15...,"270,00 MAD",UltraPC,PC Portable,2025-02-01,
MSI THIN B13VE-2474MA i7 13620H/16GB...,"13 999,00 MAD",UltraPC,PC Portable,2025-02-01,
Asus ROG Zephyrus G14-403UI-Q24W AMD Ryzen...,"23 990,00 MAD",UltraPC,PC Portable,2025-02-01,
Goui Sac à dos Line 20 litres,"399,00 MAD",UltraPC,PC Portable,2025-02-01,
MSI Modern 15 H B13M-237MA Intel...,"9 999,00 MAD",UltraPC,PC Portable,2025-02-01,
MSI MODERN 14 C13M-1419MA Intel...,"6 999,00 MAD",UltraPC,PC Portable,2025-02-01,
HP EliteBook 830 G5 i5-8265U/8GB/256GB SSD,"2 999,00 MAD",UltraPC,PC Portable,2025-02-01,
ASUS TUF GAMING A15 FA506NFR-HN008 AMD...,"9 990,00 MAD",UltraPC,PC Portable,2025-02-01,
"Ugreen Sacoche  13"" à 13,9"" (20448)","229,00 MAD",UltraPC,PC Portable,2025-02-01,
"Sac à Dos UGREEN PC Portable 15,6 (90798)","424,00 MAD",UltraPC,PC Portable,2025-02-01,
MSI KATANA A15 AI Ryzen 7 8845HS/16GB DDR5...,"13 999,00 MAD",UltraPC,PC Portable,2025-02-01,
MSI THIN 15 B13VE-2659MA Intel...,"13 999,00 MAD",UltraPC,PC Portable,2025-02-01,
MSI THIN B13UCX-2657MA Intel...,"10 999,00 MAD",UltraPC,PC Portable,2025-02-01,
HyperX Knight Backpack (8C525AA),"949,00 MAD",UltraPC,PC Portable,2025-02-01,
HyperX Delta Backpack (8C524AA),"499,00 MAD",UltraPC,PC Portable,2025-02-01,
LENOVO V15-IRU i5-13420H/8Go/256Go...,"5 990,00 MAD",UltraPC,PC Portable,2025-02-01,
MSI PULSE 16 AI C1VFKG-082MA Intel Ultra 9...,"24 999,00 MAD",UltraPC,PC Portable,2025-02-01,
MSI PULSE 16 AI C1VFKG-081MA Intel Ultra 9...,"21 999,00 MAD",UltraPC,PC Portable,2025-02-01,
MSI SWORD 16 HX B14VGKG-851MA Intel...,"19 999,00 MAD",UltraPC,PC Portable,2025-02-01,
"ASUS ROG BP4701 SAC À DOS 17"" Noir","399,00 MAD",UltraPC,PC Portable,2025-02-01,
Asus ROG Zephyrus G16-GU605MV-Q82W intel...,"24 400,00 MAD",UltraPC,PC Portable,2025-02-01,
ASUS ROG Zephyrus G16 GA605WI-Q05W Ryzen...,"26 990,00 MAD",UltraPC,PC Portable,2025-02-01,
MSI CYBORG 15 A13VF-1474MA i7 13620H/16GB...,"14 999,00 MAD",UltraPC,PC Portable,2025-02-01,
"Gigabyte G5 KF5-H3FR353SD – Core™ i7 13th, RTX 4060, 16GB, 512GB","13,299.00MAD",Setup Game,PC Portable,2025-02-01,"Prix promo : 13,299.00MAD (ancien : 14,999.00MAD)"
PC Portable LENOVO IdeaPad 3 15IGL05 N40204G 4Go 1To,"3,490.00MAD",Setup Game,PC Portable,2025-02-01,
PC Portable Lenovo IdeaPad 3 15IML05 i3 10é Gén 4Go 1To Gris,"4,990.00MAD",Setup Game,PC Portable,2025-02-01,
"ASUS TUF F15 FX506LH-HN004T – Core™ i5 10th, GTX 1650, 8GB, 512GB","6,599.00MAD",Setup Game,PC Portable,2025-02-01,"Prix promo : 6,599.00MAD (ancien : 7,899.00MAD)"
"ASUS TUF F15 FX506LH-HN004W – Core™ i5 10th, GTX 1650, 8GB, 512GB","6,599.00MAD",Setup Game,PC Portable,2025-02-01,"Prix promo : 6,599.00MAD (ancien : 7,899.00MAD)"
"ASUS TUF F15 FX506LH-HN004T – Core™ i5 10th, GTX 1650, 16GB, 512GB","6,899.00MAD",Setup Game,PC Portable,2025-02-01,"Prix promo : 6,899.00MAD (ancien : 8,299.00MAD)"
"ASUS TUF F15 FX506LH-HN004W – Core™ i5 10th, GTX 1650, 16GB, 512GB","6,899.00MAD",Setup Game,PC Portable,2025-02-01,"Prix promo : 6,899.00MAD (ancien : 8,299.00MAD)"
"LENOVO GAMING 3 15ACH6 – Ryzen 5 5500H, RTX 2050, 16GB, 512GB","7,749.00MAD",Setup Game,PC Portable,2025-02-01,"Prix promo : 7,749.00MAD (ancien : 9,249.00MAD)"
"HP PAVILION GAMING 15-EC2011NK – Ryzen R5-5600H, RTX 3050, 8GB, 512Go","7,890.00MAD",Setup Game,PC Portable,2025-02-01,"Prix promo : 7,890.00MAD (ancien : 8,690.00MAD)"
"LENOVO LOQ 15IAX9 – Core™ i5 12th, RTX 2050, 16GB, 512GB","7,899.00MAD",Setup Game,PC Portable,2025-02-01,"Prix promo : 7,899.00MAD (ancien : 8,999.00MAD)"
"MSI GF63 11SC-658XMA – Core™ i5 11th, GTX 1650, 8GB, 512GB","7,990.00MAD",Setup Game,PC Portable,2025-02-01,"Prix promo : 7,990.00MAD (ancien : 8,990.00MAD)"
"ERAZER Crawler E30e – Core™ i5 12th, RTX 2050, 8GB, 512GB","7,999.00MAD",Setup Game,PC Portable,2025-02-01,"Prix promo : 7,999.00MAD (ancien : 9,599.00MAD)"
"HP PAVILION GAMING 15-EC2011NK – Ryzen R5-5600H, RTX 3050, 16GB, 512Go","8,190.00MAD",Setup Game,PC Portable,2025-02-01,"Prix promo : 8,190.00MAD (ancien : 8,990.00MAD)"
"ERAZER Crawler E30e – Core™ i5 12th, RTX 2050, 16GB, 512GB","8,299.00MAD",Setup Game,PC Portable,2025-02-01,"Prix promo : 8,299.00MAD (ancien : 9,999.00MAD)"
"MSI GF63 11SC-658XMA – Core™ i5 11th, GTX 1650, 16GB, 512GB","8,490.00MAD",Setup Game,PC Portable,2025-02-01,"Prix promo : 8,490.00MAD (ancien : 9,490.00MAD)"
"ASUS A15 TUF507RC-HN011W – Ryzen 7-6800H, RTX 3050, 8GB, 512GB","8,499.00MAD",Setup Game,PC Portable,2025-02-01,"Prix promo : 8,499.00MAD (ancien : 10,099.00MAD)"
"ASUS TUF 506HEB-HN150T – Core™ i5 11th, RTX 3050Ti, 8GB, 512GB","8,499.00MAD",Setup Game,PC Portable,2025-02-01,"Prix promo : 8,499.00MAD (ancien : 10,199.00MAD)"
"ASUS TUF F15 FX516PE – Core™ i5 11th, RTX 3050Ti, 8GB, 512GB","8,499.00MAD",Setup Game,PC Portable,2025-02-01,"Prix promo : 8,499.00MAD (ancien : 9,799.00MAD)"
"ASUS TUF F17 F706H – Core™ i5 11th, RTX 3050Ti, 8GB, 512GB","8,499.00MAD",Setup Game,PC Portable,2025-02-01,"Prix promo : 8,499.00MAD (ancien : 10,099.00MAD)"
"ASUS TUF 506HEB-HN150T – Core™ i5 11th, RTX 3050Ti, 16GB, 512GB","8,799.00MAD",Setup Game,PC Portable,2025-02-01,"Prix promo : 8,799.00MAD (ancien : 10,499.00MAD)"
"HP PAVILION GAMING 15-DK2013NK – Core™ i5 11th, RTX 3050, 8GB, 256Go","8,890.00MAD",Setup Game,PC Portable,2025-02-01,"Prix promo : 8,890.00MAD (ancien : 9,490.00MAD)"
"ASUS VIVOBOOK PRO N7600PC-K5W – Core™ i7 11th, RTX 3050, 16GB, 512GB","8,999.00MAD",Setup Game,PC Portable,2025-02-01,"Prix promo : 8,999.00MAD (ancien : 10,799.00MAD)"
"Dell G15 5511 – Core™ i5 11th, RTX 3050, 8GB, 256GB","9,190.00MAD",Setup Game,PC Portable,2025-02-01,"Prix promo : 9,190.00MAD (ancien : 10,990.00MAD)"
"HP PAVILION GAMING 15-DK2013NK – Core™ i5 11th, RTX 3050, 16GB, 256Go","9,190.00MAD",Setup Game,PC Portable,2025-02-01,"Prix promo : 9,190.00MAD (ancien : 9,790.00MAD)"
"Dell G15 5511 – Core™ i5 11th, RTX 3050, 16GB, 256GB","9,490.00MAD",Setup Game,PC Portable,2025-02-01,"Prix promo : 9,490.00MAD (ancien : 11,390.00MAD)"
"ASUS TUF DASH FX516PC-HN001W – Core™ i7 11th, RTX 3050, 8GB, 512GB","9,599.00MAD",Setup Game,PC Portable,2025-02-01,"Prix promo : 9,599.00MAD (ancien : 11,499.00MAD)"
"Dell G15 5511 – Core™ i5 11th, RTX 3050Ti, 8GB, 512GB","9,690.00MAD",Setup Game,PC Portable,2025-02-01,"Prix promo : 9,690.00MAD (ancien : 11,690.00MAD)"
"MSI Thin GF63 12UC – Core™ i5 12th, RTX 3050, 8GB, 512GB","9,699.00MAD",Setup Game,PC Portable,2025-02-01,"Prix promo : 9,699.00MAD (ancien : 11,599.00MAD)"
"ASUS TUF DASH FX516PC-HN001W – Core™ i7 11th, RTX 3050, 16GB, 512GB","9,799.00MAD",Setup Game,PC Portable,2025-02-01,"Prix promo : 9,799.00MAD (ancien : 11,699.00MAD)"
"Dell G15 5511 – Core™ i5 11th, RTX 3050Ti, 16GB, 512GB","9,990.00MAD",Setup Game,PC Portable,2025-02-01,"Prix promo : 9,990.00MAD (ancien : 11,990.00MAD)"
"MSI Thin GF63 12UC – Core™ i5 12th, RTX 3050, 16GB, 512GB","9,999.00MAD",Setup Game,PC Portable,2025-02-01,"Prix promo : 9,999.00MAD (ancien : 11,999.00MAD)"
"LENOVO LOQ 15IRX9 – Core™ i5 13th, RTX 3050, 16GB, 512GB","9,999.00MAD",Setup Game,PC Portable,2025-02-01,"Prix promo : 9,999.00MAD (ancien : 13,499.00MAD)"
"HP OMEN 15-EK0002NK – Core™ i7 10th, GTX 1660Ti, 16GB, 1To","10,499.00MAD",Setup Game,PC Portable,2025-02-01,"Prix promo : 10,499.00MAD (ancien : 12,599.00MAD)"
"MSI GF63 Thin 11UD-1043XFR – Core™ i5 11th, RTX 3050Ti, 8GB, 512GB","10,590.00MAD",Setup Game,PC Portable,2025-02-01,"Prix promo : 10,590.00MAD (ancien : 11,590.00MAD)"
"MSI GF63 Thin 11UD-1043XFR – Core™ i5 11th, RTX 3050Ti, 16GB, 512GB","10,990.00MAD",Setup Game,PC Portable,2025-02-01,"Prix promo : 10,990.00MAD (ancien : 11,990.00MAD)"
"Gigabyte G5 KF – Core™ i5 12th, RTX 4060, 16GB, 512GB","10,990.00MAD",Setup Game,PC Portable,2025-02-01,"Prix promo : 10,990.00MAD (ancien : 13,190.00MAD)"
"MSI GF63 11SC-659XMA – Core™ i7 11th, GTX 1650, 16GB, 512GB","10,999.00MAD",Setup Game,PC Portable,2025-02-01,"Prix promo : 10,999.00MAD (ancien : 14,499.00MAD)"
"HP OMEN 15-EK0002NK – Core™ i7 10th, GTX 1660Ti, 32GB, 1To","10,999.00MAD",Setup Game,PC Portable,2025-02-01,"Prix promo : 10,999.00MAD (ancien : 13,199.00MAD)"
"MSI Thin GF63 12UC – Core™ i7 12th, RTX 3050, 16GB, 512GB","11,490.00MAD",Setup Game,PC Portable,2025-02-01,"Prix promo : 11,490.00MAD (ancien : 13,690.00MAD)"
"Dell G15 5510 – Core™ i7 10th, RTX 3060, 16GB, 512GB","11,990.00MAD",Setup Game,PC Portable,2025-02-01,"Prix promo : 11,990.00MAD (ancien : 15,490.00MAD)"
"Pc Portable Gaming ACER NITRO 5 AN515-57-529L – RTX 3070, Core™ i5 11th Génération – NEUF SANS EMBALLAGE","11,990.00MAD",Setup Game,PC Portable,2025-02-01,"Prix promo : 11,990.00MAD (ancien : 13,490.00MAD)"
"Dell G15 5511 – Core™ i7 11th, RTX 3050Ti, 16GB, 512GB","11,990.00MAD",Setup Game,PC Portable,2025-02-01,"Prix promo : 11,990.00MAD (ancien : 13,990.00MAD)"
"MSI BRAVO 15 B5DD-299XMA – Ryzen R7-5800H, RX 5500M, 16GB, 512GB","12,999.00MAD",Setup Game,PC Portable,2025-02-01,"Prix promo : 12,999.00MAD (ancien : 14,499.00MAD)"
"Pc Portable Gamer MSI GF63 Thin 10UC – Core™ i5 10th Génération, RTX 3050","13,490.00MAD",Setup Game,PC Portable,2025-02-01,
"LENOVO LOQ 15IRX9 – Core™ i7 13th, RTX 4050, 16GB, 512GB","13,899.00MAD",Setup Game,PC Portable,2025-02-01,"Prix promo : 13,899.00MAD (ancien : 15,399.00MAD)"
"Pc Portable Gamer MSI GF63 11UC-660XMA – Core™ i7 11th Génération, RTX 3050","13,990.00MAD",Setup Game,PC Portable,2025-02-01,
"MSI Cyborg 15 A12VE – Core™ i7 12th, RTX 4050, 16GB, 512GB","13,990.00MAD",Setup Game,PC Portable,2025-02-01,"Prix promo : 13,990.00MAD (ancien : 16,790.00MAD)"
"MSI Cyborg 15 A13VE – Core™ i7 13th, RTX 4050, 16GB, 512GB","14,490.00MAD",Setup Game,PC Portable,2025-02-01,"Prix promo : 14,490.00MAD (ancien : 17,390.00MAD)"
"Dell G15 5511 – Core™ i7 11th, RTX 3060, 16GB, 1TB","14,590.00MAD",Setup Game,PC Portable,2025-02-01,"Prix promo : 14,590.00MAD (ancien : 16,590.00MAD)"
"Dell G15 5511 – Core™ i7 11th, RTX 3060, 32GB, 1TB","14,990.00MAD",Setup Game,PC Portable,2025-02-01,"Prix promo : 14,990.00MAD (ancien : 16,990.00MAD)"
"Pc Portable Gaming ASUS ROG STRIX 17 – AMD Ryzen 7 6800H, RTX 3060","15,490.00MAD",Setup Game,PC Portable,2025-02-01,"Prix promo : 15,490.00MAD (ancien : 17,990.00MAD)"
"Pc Portable DELL XPS 13-9310 – Core™ i7 11th Génération, Écran Tactile, 4K","15,490.00MAD",Setup Game,PC Portable,2025-02-01,"Prix promo : 15,490.00MAD (ancien : 19,990.00MAD)"
"MSI GF66 KATANA 11UE – Core™ i5 11th, RTX 3050, 16GB, 512GB","15,999.00MAD",Setup Game,PC Portable,2025-02-01,"Prix promo : 15,999.00MAD (ancien : 16,499.00MAD)"
"MSI Bravo 15 C7VFK – Ryzen 7 7735HS, RTX 4060, 16GB, 512GB","16,490.00MAD",Setup Game,PC Portable,2025-02-01,"Prix promo : 16,490.00MAD (ancien : 19,690.00MAD)"
"Pc Portable Gamer MSI GF66 Katana 11UE – Core™ i7 11th Génération, RTX 3050","17,499.00MAD",Setup Game,PC Portable,2025-02-01,"Prix promo : 17,499.00MAD (ancien : 17,999.00MAD)"
"MSI Katana 15 B13VFK – Core™ i9 13th, RTX 4060, 16GB, 1TB","19,490.00MAD",Setup Game,PC Portable,2025-02-01,"Prix promo : 19,490.00MAD (ancien : 22,390.00MAD)"
"MSI GF66 KATANA 11UE – Core™ i7 11th, RTX 3060, 16GB, 512GB","20,499.00MAD",Setup Game,PC Portable,2025-02-01,
"AORUS 16X ASG-53FRC54SH – Core™ i7 14th, RTX 4070, 16GB, 1TB","20,499.00MAD",Setup Game,PC Portable,2025-02-01,"Prix promo : 20,499.00MAD (ancien : 23,499.00MAD)"
"MSI GF76 KATANA 11UE – Core™ i7 11th, RTX 3060, 16GB, 1TB","22,499.00MAD",Setup Game,PC Portable,2025-02-01,"Prix promo : 22,499.00MAD (ancien : 23,499.00MAD)"
"MSI LEOPARD GP66 11UE-679XMA – Core™ i7 11th, RTX 3060, 16GB, 512GB","22,799.00MAD",Setup Game,PC Portable,2025-02-01,"Prix promo : 22,799.00MAD (ancien : 24,149.00MAD)"
"LENOVO LEGION PRO 5 16IRX9 – Core™ i9 14th, RTX 4060, 32GB, 1TB","23,999.00MAD",Setup Game,PC Portable,2025-02-01,"Prix promo : 23,999.00MAD (ancien : 25,499.00MAD)"
"AORUS 16X ASG-63FRC65SH – Core™ i9 14th, RTX 4070, 32GB, 2TB","24,999.00MAD",Setup Game,PC Portable,2025-02-01,"Prix promo : 24,999.00MAD (ancien : 26,499.00MAD)"
"MSI PULSE GL66 12UEK-619MA – Core™ i7 12th, RTX 3060,16GB, 1TB","25,999.00MAD",Setup Game,PC Portable,2025-02-01,"Prix promo : 25,999.00MAD (ancien : 27,199.00MAD)"
"Pc Portable Gamer MSI Pulse GL76 12UGK-257XMA – Core™ i7 12th Génération, RTX 3070","30,999.00MAD",Setup Game,PC Portable,2025-02-01,"Prix promo : 30,999.00MAD (ancien : 32,499.00MAD)"
Acer Predator Helios Neo 16 - PHN16-71 - i9-13900HX - 32 Go RAM - 1 To SSD - RTX 4070 - Azerty,"20,500.00 Dhs",Jumia,PC Portable,2025-02-01,"Réduction 15% (ancien : 24,000.00 Dhs)"
"Hp VICTUS 16"" 144 Hz Ryzen 5600H RTX 3050 Ti 16 Go Ram 512 SSD E0358NG BO","10,999.00 Dhs",Jumia,PC Portable,2025-02-01,"Réduction Boutique Officielle (ancien : 13,999.00 Dhs)"
"Asus G713 Ryzen 7-4800H - 17,3"" - 32 Go RAM - 512 Go SSD - Win 10 - RTX 3050 4 Go - Gris","18,000.00 Dhs",Jumia,PC Portable,2025-02-01,
Hp PC PORTABLE Elitebook CORE i5 6eme RAM 8Go DDR4  500Go Remis a Neuf,"2,899.00 Dhs",Jumia,PC Portable,2025-02-01,"Réduction 66% (ancien : 8,500.00 Dhs)"
DELL latitude 5330 2in1-i5 1245u-RAM 16GB-256G SSD-Azerty-Win10pro-Argent,"14,965.00 Dhs",Jumia,PC Portable,2025-02-01,"Réduction Boutique Officielle (ancien : 16,000.00 Dhs)"
Asus VivoBook S15 S513EP - i7-1165G7 - 8 Go RAM - 1 To HDD - 256 Go SSD - Azerty,"8,999.00 Dhs",Jumia,PC Portable,2025-02-01,"Réduction Boutique Officielle (ancien : 13,000.00 Dhs)"
Acer Predator Helios 300 - i7-11800H - 16 Go RAM - 512 Go SSD - RTX 3060 - Azerty,"13,490.00 Dhs",Jumia,PC Portable,2025-02-01,"Réduction 13% (ancien : 15,500.00 Dhs)"
"Msi GF63 Thin 10SC-401MA - Core i5-10300H - 8Go RAM + 512Go SSD - GTX 1650 4Go - Windows 10 - 15,6"" FHD 60Hz","9,230.00 Dhs",Jumia,PC Portable,2025-02-01,"Réduction 12% (ancien : 10,500.00 Dhs)"
Asus ordinateur portable rog g614jir i9-14900hx (90nr0ig5-m005w0),"42,940.00 Dhs",Jumia,PC Portable,2025-02-01,
Lenovo Thinkpad L14 Gen 3-AMD R5-16GB-512G SSD-Win10Pro-Azerty-Garantie12Mois-Noir,"14,470.00 Dhs",Jumia,PC Portable,2025-02-01,"Réduction 10% (ancien : 16,000.00 Dhs)"
Asus VivoBook S15 S513EP - i7-1165G7 - 8 Go RAM - 256 Go SSD MX330 - Azerty,"8,599.00 Dhs",Jumia,PC Portable,2025-02-01,"Réduction Boutique Officielle (ancien : 13,000.00 Dhs)"
Hp PC Gaming-i7 12800H-RAM 32GB-512G SSD-NVIDIA A1000-Win10pro-Azerty-Garantie 24 Mois,"28,705.00 Dhs",Jumia,PC Portable,2025-02-01,"Réduction Boutique Officielle (ancien : 30,000.00 Dhs)"
Asus TUF 15 120Hz Ryzen 7 3750H  RTX 2060 6G 8Go Ram 512 SSD NVMe  TUF565DV-AL125 AZERTY,"9,999.00 Dhs",Jumia,PC Portable,2025-02-01,"Réduction Boutique Officielle (ancien : 11,999.00 Dhs)"
"Msi GF63 Thin 12VE - i7-12650H - 16 Go RAM - 512 Go SSD - 15,6"" - RTX 4050 6 Go - Windows 11","14,439.00 Dhs",Jumia,PC Portable,2025-02-01,"Réduction 20% (ancien : 18,000.00 Dhs)"
Asus TUF F15 144 Hz i5 11400H RTX 3050 8Go 512 SSD - FX506HCB HN1138W QWERTY,"10,999.00 Dhs",Jumia,PC Portable,2025-02-01,"Réduction Boutique Officielle (ancien : 12,999.00 Dhs)"
Acer Predator Helios 300 - i7-11800H - RTX 3060 6 Go - 16 Go RAM - 512 Go SSD - Windows 10 - Azerty,"15,899.00 Dhs",Jumia,PC Portable,2025-02-01,"Réduction 21% (ancien : 20,000.00 Dhs)"
Asus TUF Gaming A15 - TUF506LU-HN107T - i7-10870H - 16 Go RAM - 512 Go SSD - GTX 1660 Ti - Azerty,"14,999.00 Dhs",Jumia,PC Portable,2025-02-01,"Réduction Boutique Officielle (ancien : 17,000.00 Dhs)"
Acer Predator Helios Neo 16 - PHN16-71 - i9-13900HX - 16 Go RAM - 1 To SSD - RTX 4070 - Azerty,"19,500.00 Dhs",Jumia,PC Portable,2025-02-01,"Réduction 15% (ancien : 23,000.00 Dhs)"
"Asus TUF A15 15,6"" 144 Hz Ryzen 7 4800H RTX 2060 16Go Ram 512 SSD AZERTY","12,499.00 Dhs",Jumia,PC Portable,2025-02-01,"Réduction Boutique Officielle (ancien : 16,499.00 Dhs)"
Asus ordinateur portable tuf gaming fx507vu (90nr0cj7-m00e70),"22,883.00 Dhs",Jumia,PC Portable,2025-02-01,
DELL Latitude 5440-i5 1345u-16GB-256G SSD-Win11pro-Azerty-Garantie 24 mois-Gris,"13,845.00 Dhs",Jumia,PC Portable,2025-02-01,"Réduction 11% (ancien : 15,500.00 Dhs)"
Asus TUF A15 15.6'' 144Hz Ryzen 7 5800H RTX 3060 8Go Ram 512Go SSD QWERTY,"12,999.00 Dhs",Jumia,PC Portable,2025-02-01,"Réduction Boutique Officielle (ancien : 14,999.00 Dhs)"
"Hp Victus 15.6"" Gaming Laptop - AMD Ryzen 5 7535HS, Radeon RX 6550M, 8GB DDR5, 512GB SSD, 144Hz Full HD -qwerty","9,400.00 Dhs",Jumia,PC Portable,2025-02-01,
Asus TUF 144 Hz i5 11400H RTX 3050 8Go 512 SSD  QWERTY,"11,499.00 Dhs",Jumia,PC Portable,2025-02-01,"Réduction Boutique Officielle (ancien : 15,499.00 Dhs)"
Asus ROG Strix G15 - G513 - Ryzen 7-4800H - 16 Go RAM - 512 Go SSD - RTX 3050 - Azerty,"14,599.00 Dhs",Jumia,PC Portable,2025-02-01,"Réduction 23% (ancien : 19,000.00 Dhs)"
Hp Ordinateur EliteBook CORE i5-6eme RAM 32Go DDR4 - SSD 512Go -Remis a Neuf,"3,999.00 Dhs",Jumia,PC Portable,2025-02-01,"Réduction 26% (ancien : 5,400.00 Dhs)"
Acer ASPIRE 7 i7-9750H GTX 1650 8Go Ram 512 SSD AZERTY NOBOX,"10,999.00 Dhs",Jumia,PC Portable,2025-02-01,"Réduction 15% (ancien : 12,999.00 Dhs)"
DELL precision 5680-i9 13900H-32GB-1TB SSD+1TB SSD-Azerty-Win 11Pro-Garantie 24 Mois-Gris,"47,375.00 Dhs",Jumia,PC Portable,2025-02-01,"Réduction 4% (ancien : 49,500.00 Dhs)"
Msi Katana Gaming 15-i7 13620H-RAM 16GB-1TB SSD NVIDIA RTX 4060 8G,"20,310.00 Dhs",Jumia,PC Portable,2025-02-01,"Réduction 8% (ancien : 22,000.00 Dhs)"
Msi Katana 15 i7-13620H 32GB 1TB SSD RTX 4060 8G,"21,580.00 Dhs",Jumia,PC Portable,2025-02-01,"Réduction 10% (ancien : 24,000.00 Dhs)"
Hp Zbook Power 15 G9- i7 12800H -RAM 32GB -512G SSD -NVIDIA A1000-Win10pro-Azerty-Garantie 24 Mois- Argent,"28,705.00 Dhs",Jumia,PC Portable,2025-02-01,"Réduction Boutique Officielle (ancien : 30,000.00 Dhs)"
"Hp Ordinateur portable Victus Gaming 16-r0036ns 16,1"" Intel Core i7-13620H 32 Go RAM 1 To SSD Nvidia Geforce RTX 4060 - QWERTY  ES","17,700.00 Dhs",Jumia,PC Portable,2025-02-01,
DELL precision 5680-i9 13900H-32GB-1TB SSD-Azerty-Win 11Pro-Garantie 24 Mois-Gris,"45,595.00 Dhs",Jumia,PC Portable,2025-02-01,"Réduction 5% (ancien : 48,000.00 Dhs)"
Lenovo Thinkpad x1 Carbon Gen 10-i7 1255u-16GB-512G SSD-Win11Pro-Azerty-Garantie 24Mois,"27,815.00 Dhs",Jumia,PC Portable,2025-02-01,"Réduction 4% (ancien : 29,000.00 Dhs)"
Hp Ordinateur portable Victus Gaming Laptop 15-fa1001nk (845M6EA),"17,678.00 Dhs",Jumia,PC Portable,2025-02-01,
"Razer BLADE 15.6"" 144Hz i7-10750H RTX 2060 16Go Ram 512GB SSD RZ09-03286N22 QWERTY","13,499.00 Dhs",Jumia,PC Portable,2025-02-01,"Réduction 33% (ancien : 19,999.00 Dhs)"
Hp EliteBook 855 G7 AMD® Ryzen™ 5 PRO  256Go SSD 16GB,"5,500.00 Dhs",Jumia,PC Portable,2025-02-01,"Réduction 54% (ancien : 12,000.00 Dhs)"
"Lenovo Legion 5 15.6"" 165Hz i5-11400H RTX 3050 Ti 16 Go Ram 512 SSD 15ITH6 AZERTY","12,999.00 Dhs",Jumia,PC Portable,2025-02-01,"Réduction 16% (ancien : 15,499.00 Dhs)"
Hp 250 G8-15.6p HD-i5 1035G1-RAM 12GB-1TB HDD-Windows 10 Pro-Garantie 12Mois-Noir - AZERTY,"7,699.00 Dhs",Jumia,PC Portable,2025-02-01,"Réduction Boutique Officielle (ancien : 8,799.00 Dhs)"
Msi GE75 RAIDER 17.3 240Hz i7 10750H RTX 2070 SUPER 32Go Ram  1 To HDD 512 G SSD BO QWERTY,"16,999.00 Dhs",Jumia,PC Portable,2025-02-01,"Réduction 11% (ancien : 18,999.00 Dhs)"
DELL Vostro 3520-i7 1255u-32GB-512G SSD-Azerty-Win10Pro-Garantie12 Mois-Noir,"12,490.00 Dhs",Jumia,PC Portable,2025-02-01,"Réduction 11% (ancien : 14,000.00 Dhs)"
DELL Inspiron 3520-i5 1215u-16GB-512G SSD-Azerty-Win11Pro-Garantie 12 Mois-Noir,"9,525.00 Dhs",Jumia,PC Portable,2025-02-01,"Réduction 5% (ancien : 10,000.00 Dhs)"
DELL Inspiron 3520-i5 1235u-16GB-512G SSD +1TB HDD-Azerty-Win11Pr-Garantie 12 Mois-Noir,"10,545.00 Dhs",Jumia,PC Portable,2025-02-01,"Réduction 19% (ancien : 13,000.00 Dhs)"
Msi Katana 15 i7-13620H 16GB 1TB SSD RTX 4060 8G,"20,310.00 Dhs",Jumia,PC Portable,2025-02-01,"Réduction 10% (ancien : 22,500.00 Dhs)"
Hp EliteBook 640 G10-i7 1365u-16GB-512G SSD-Azerty-Win10pro-Garantie 24 Mois-Argent,"20,705.00 Dhs",Jumia,PC Portable,2025-02-01,"Réduction 6% (ancien : 22,000.00 Dhs)"
DELL Latitude 7340-i5 1345u-32GB-512G SSD-Win11pro-Azerty-Garantie 24 Mois-Gris,"15,610.00 Dhs",Jumia,PC Portable,2025-02-01,"Réduction 8% (ancien : 17,000.00 Dhs)"
Hp OMEN 17 ck1035nb i9 12900HX 32GB 2TB SSD RTX 3080 TI,"35,435.00 Dhs",Jumia,PC Portable,2025-02-01,"Réduction 11% (ancien : 40,000.00 Dhs)"
DELL Vostro 3520-i7 1255u-8GB-512G SSD-Azerty-Win10Pro-Garantie12 Mois-Noir,"9,515.00 Dhs",Jumia,PC Portable,2025-02-01,"Réduction 21% (ancien : 12,000.00 Dhs)"
"Lenovo THINKBOOK 15P IMH Intel Core i7-10750H 16GB 512GB SSD 15.6"" FHD GeForce GTX 1650 Ti - AZERTY","9,800.00 Dhs",Jumia,PC Portable,2025-02-01,
"Msi Pulse 16 AI - 16"" i7-14650HX - 32 Go RAM - 1 To SSD Nvidia Geforce RTX 4060 - QWERTY (ES)","25,000.00 Dhs",Jumia,PC Portable,2025-02-01,
DELL Pc portable étudiant Dell 3520-i5 1235u-16GB-512G SSD -Neuf-Garantie 1 an -Noir,"9,525.00 Dhs",Jumia,PC Portable,2025-02-01,"Réduction 21% (ancien : 12,000.00 Dhs)"
Hp EliteBook 640 G10-i7 1365u-32GB-1TB SSD-Azerty-Win10pro-Garantie 24 Mois-Argent,"22,735.00 Dhs",Jumia,PC Portable,2025-02-01,"Réduction 5% (ancien : 24,000.00 Dhs)"
Hp PC Design-i7 12800H-RAM 32GB-512G SSD-NVIDIA A1000-Win10pro-Azerty-Garantie 24 Mois,"28,705.00 Dhs",Jumia,PC Portable,2025-02-01,"Réduction Boutique Officielle (ancien : 30,000.00 Dhs)"
Lenovo PC Portable-AMD R5-16GB-512G SSD-Win10Pro-Azerty-Garantie12Mois-Noir,"14,470.00 Dhs",Jumia,PC Portable,2025-02-01,"Réduction 10% (ancien : 16,000.00 Dhs)"
Lenovo PC Performant-AMD R5-16GB-512G SSD-Win10Pro-Azerty-Garantie12Mois-Noir,"14,470.00 Dhs",Jumia,PC Portable,2025-02-01,"Réduction 10% (ancien : 16,000.00 Dhs)"
"Msi Ordinateur portable Crosshair 16 HX - 16"" i7-14650HX 32 Go RTX 4060 1 To SSD QWERTY","19,990.00 Dhs",Jumia,PC Portable,2025-02-01,
DELL Latitude 5530-i7 1265u-16GB-512G SSD-Azerty-Win11 Pro-Garantie12 Mois-Argent,"18,670.00 Dhs",Jumia,PC Portable,2025-02-01,"Réduction 7% (ancien : 20,000.00 Dhs)"
DELL Precision 5480-i7 13700H-16GB-512G SSD-Win11pro-Azerty-Garantie 24 Mois-Gris,"33,530.00 Dhs",Jumia,PC Portable,2025-02-01,"Réduction 4% (ancien : 35,000.00 Dhs)"
Hp Ordinateur portable Victus Gaming 15-fa1000nk (845M5EA),"17,418.00 Dhs",Jumia,PC Portable,2025-02-01,
DELL Vostro 3520-i7 1255u-32GB-1TB SSD-Azerty-Win10Pro-Garantie12 Mois-Noir,"12,690.00 Dhs",Jumia,PC Portable,2025-02-01,"Réduction 21% (ancien : 16,000.00 Dhs)"
DELL Vostro 3520-i7 1255u-16GB-512G SSD-Azerty-Win10Pro-Garantie12 Mois-Noir,"10,785.00 Dhs",Jumia,PC Portable,2025-02-01,"Réduction 17% (ancien : 13,000.00 Dhs)"
Logitech H390 Usb Computer Headset - Noir,329.00 Dhs,Jumia,PC Portable,2025-02-01,Réduction Boutique Officielle (ancien : 449.00 Dhs)
"Logitech H111 Casque Filaire, Ecouteurs Stéréo avec Micro Anti-Parasite, Jack Audio 3,5mm, PC/Mac/Portable/Smartphone/Tablette - Noir",99.00 Dhs,Jumia,PC Portable,2025-02-01,Réduction Boutique Officielle (ancien : 169.00 Dhs)
"Logitech H340 Casque Filaire, Ecouteurs Stéréo avec Micro Rotatif Anti-Parasites, USB, PC/Mac/Portable/Chromebook - Noir",269.00 Dhs,Jumia,PC Portable,2025-02-01,Réduction Boutique Officielle (ancien : 449.00 Dhs)
Lenovo Gaming Legion5 16IRX9,"28,278.00 Dhs",Jumia,PC Portable,2025-02-01,
Logitech HEADSET PC - G335 Wired Gaming Headset - BLACK - 3.5 MM- EMEA-914 - 914,529.00 Dhs,Jumia,PC Portable,2025-02-01,Réduction Boutique Officielle (ancien : 649.00 Dhs)
"Logitech 960 Casque Filaire, Ecouteurs Stéréo avec Micro Anti-Parasite, USB, Poids Léger, Commandes Intégrées sur le Cordon, PC/Mac/Portable - Noir",269.00 Dhs,Jumia,PC Portable,2025-02-01,Réduction Boutique Officielle (ancien : 430.00 Dhs)
Lenovo Ordinateur portable Gaming LOQ 15IRX9,"22,085.00 Dhs",Jumia,PC Portable,2025-02-01,
Hp  EliteBook 845 G7 AMD Ryzen™5 Pro 4650U - Ram 16Go  256Go SSD - Radeon Graphics -14 FHD Remis à Neuf,"4,199.00 Dhs",Jumia,PC Portable,2025-02-01,"Réduction 30% (ancien : 5,999.00 Dhs)"
"Msi Pulse 17 AI C1VFKG ULTRA 7 155H 16GB 1 TB 17"" FHD 165HZ NVIDIA GEFORCE RTX 4060 8 GB QWERTY NEW","16,499.00 Dhs",Jumia,PC Portable,2025-02-01,"Réduction 16% (ancien : 19,699.00 Dhs)"
DELL ordinateur portable gaming g15 5530 (g15-5530-nvid6go-fd),"24,120.00 Dhs",Jumia,PC Portable,2025-02-01,
Lenovo LEGION Slim 5 16ARP9 RYZEN 7 7435HS 16GB 512GB SSD RTX 4070 8GB GREY AZERTY NEW,"18,299.00 Dhs",Jumia,PC Portable,2025-02-01,"Réduction 23% (ancien : 23,899.00 Dhs)"
Lenovo LEGION 5 16IRX9 i7 14650HX 16GB 512GB SSD RTX4060 8GB AZERTY NEW,"18,500.00 Dhs",Jumia,PC Portable,2025-02-01,"Réduction 22% (ancien : 23,699.00 Dhs)"
Asus Ordinateur portable ROG Zephyrus Duo 16 GX650 (90NR0931-M005W0),"47,476.00 Dhs",Jumia,PC Portable,2025-02-01,"Réduction 10% (ancien : 52,573.00 Dhs)"
Nia Casque Bluetooth Q1 avec Microphone Radio FM support Micro SD / Auxiliaire - noir,80.45 Dhs,Jumia,PC Portable,2025-02-01,Réduction 46% (ancien : 150.00 Dhs)
"Casque filaire HD voix 3.5mm avec Microphone,Pour étudiants, PC Bureau, PC Portable, Téléphone",69.00 Dhs,Jumia,PC Portable,2025-02-01,Réduction 77% (ancien : 299.00 Dhs)
Casque Bluetooth Sans Fil écouteur anti bruit STN-01,82.21 Dhs,Jumia,PC Portable,2025-02-01,Réduction 59% (ancien : 199.00 Dhs)
Logitech H390 Usb Computer Headset – Blanc,329.00 Dhs,Jumia,PC Portable,2025-02-01,Réduction Boutique Officielle (ancien : 470.00 Dhs)
"Casque Bluetooth V5.0 sans fil, 400 mAh 12 heures de Musique et sport",82.10 Dhs,Jumia,PC Portable,2025-02-01,Réduction 59% (ancien : 199.00 Dhs)
"Casque Pro Gaming RGB filaire jack 3.5mm + USB stéréo basse LED avec Micro PC, PS4, PS5, XBOX",130.00 Dhs,Jumia,PC Portable,2025-02-01,Réduction 49% (ancien : 256.00 Dhs)
Casque Filaire USB Avec Micro Pour Centre D'appels De Bureau sans bruit,179.00 Dhs,Jumia,PC Portable,2025-02-01,Réduction 22% (ancien : 229.00 Dhs)
"SODO Casque Bluetooth 1008  V5.0 sans fil,400 mAh 8 heures d'Appels et de Musique",118.00 Dhs,Jumia,PC Portable,2025-02-01,Réduction 65% (ancien : 334.40 Dhs)
"Logitech Zone Vibe 100 Casque d'écoute léger sans fil avec Micro anti-bruit de fond, Écouteurs Bluetooth multipoint avancés, Fonctionne avec Teams, Google Meet, Zoom, Mac/PC- Blanc",999.00 Dhs,Jumia,PC Portable,2025-02-01,"Réduction Boutique Officielle (ancien : 1,598.00 Dhs)"
Logitech HEADSET - Zone 300 - BLACK - BT- EMEA28-935,749.00 Dhs,Jumia,PC Portable,2025-02-01,"Réduction Boutique Officielle (ancien : 1,198.00 Dhs)"
Logitech HEADSET - Zone 300 - ROSE - BT- EMEA28-935,749.00 Dhs,Jumia,PC Portable,2025-02-01,"Réduction Boutique Officielle (ancien : 1,198.00 Dhs)"
Casque Bluetooth Sans Fil écouteur anti bruit STN-01 12 h batterie,142.30 Dhs,Jumia,PC Portable,2025-02-01,Réduction 43% (ancien : 249.00 Dhs)
"Logitech Zone Vibe 100 Casque d'écoute léger sans fil avec Micro anti-bruit de fond, Écouteurs Bluetooth multipoint avancés, Fonctionne avec Teams, Google Meet, Zoom, Mac/PC- Graphite",999.00 Dhs,Jumia,PC Portable,2025-02-01,"Réduction Boutique Officielle (ancien : 1,999.00 Dhs)"
Logitech M170 Wireless Mouse,174.00 Dhs,Jumia,PC Portable,2025-02-01,Réduction 21% (ancien : 219.00 Dhs)
"Logitech H540 Binaural Bandeau Noir - Casques audio (PC/Jeux, Numérique, Filaire)",459.00 Dhs,Jumia,PC Portable,2025-02-01,Réduction Boutique Officielle (ancien : 599.00 Dhs)
Jabra Evolve 20 Stereo MS - Casque Professionel USB avec micro anti-bruit,549.00 Dhs,Jumia,PC Portable,2025-02-01,Réduction 44% (ancien : 980.00 Dhs)
"Casque D'écoute Sans Fil Bluetooth Lumière LED,Music,Jeux Cat Ear",149.00 Dhs,Jumia,PC Portable,2025-02-01,Réduction 40% (ancien : 250.00 Dhs)
Nia Casque bluetooth Q1 Appel-lecteur Micro SD / TF-radio FM COPATIBLE AVEC SMARTPHONE & TABLETE,80.20 Dhs,Jumia,PC Portable,2025-02-01,Réduction 58% (ancien : 192.00 Dhs)
"Casque D'écoute Sans Fil Bluetooth Lumière LED,Music,Jeux Cat Ear",159.00 Dhs,Jumia,PC Portable,2025-02-01,Réduction 21% (ancien : 200.00 Dhs)
Casque Bluetooth Sans Fil Oreil de Chats pour Enfants et Filles - Vert,189.00 Dhs,Jumia,PC Portable,2025-02-01,Réduction 46% (ancien : 350.00 Dhs)
"Hp Casque stéréo 3,5 mm Headset",250.00 Dhs,Jumia,PC Portable,2025-02-01,
Onikuma Support GAMING de casque monté sur casque pour la configuration des joueurs,83.00 Dhs,Jumia,PC Portable,2025-02-01,Réduction 77% (ancien : 368.00 Dhs)
"Molink Casque Bluetooth V.5 , batterie 6 heures Sport d'Appels et de Musique",179.00 Dhs,Jumia,PC Portable,2025-02-01,Réduction 55% (ancien : 399.00 Dhs)
"Havic Casque PRO avec Micro + Cable Jack - Pour Teletravail, Centre D'appel, Music",67.00 Dhs,Jumia,PC Portable,2025-02-01,
"Casque Bluetooth V.5 , batterie 6 heures Sport d'Appels et de Musique",137.20 Dhs,Jumia,PC Portable,2025-02-01,Réduction 54% (ancien : 299.00 Dhs)
Sennheiser SC 260 Casque Professionnel 504402 ( Neuf ),599.00 Dhs,Jumia,PC Portable,2025-02-01,Réduction 38% (ancien : 959.00 Dhs)
"Casque Bluetooth V.5 , batterie 7 heures Sport d'Appels et de Musique",169.00 Dhs,Jumia,PC Portable,2025-02-01,Réduction 53% (ancien : 359.00 Dhs)
Apm MH180 - Casque stéréo filaire avec micro et contrôle du volume,89.00 Dhs,Jumia,PC Portable,2025-02-01,Réduction 25% (ancien : 119.00 Dhs)
Nia Casque Bluetooth Q1 avec Microphone Radio FM support Micro SD / Auxiliaire - noir,149.00 Dhs,Jumia,PC Portable,2025-02-01,
Adaptateur Fiche JACK 6.35mm vers 3.5mm mâle/femelle Audio,30.00 Dhs,Jumia,PC Portable,2025-02-01,
JBL CASQUE TUNE 510BT,569.00 Dhs,Jumia,PC Portable,2025-02-01,Réduction 28% (ancien : 790.00 Dhs)
Jabra CASQUE EVOLVE 20 Duo,475.00 Dhs,Jumia,PC Portable,2025-02-01,Réduction 37% (ancien : 750.00 Dhs)
"Nubwo Casque USB/3,5 mm avec Suppression du Bruit du Microphone, Casque Filaire Léger pour PC, Smartphone",326.00 Dhs,Jumia,PC Portable,2025-02-01,Réduction 66% (ancien : 960.00 Dhs)
"Casque Bluetooth stéréo Wireless , 250 MAh 6 heures Sport d'Appels et de Musique",159.00 Dhs,Jumia,PC Portable,2025-02-01,Réduction 60% (ancien : 399.00 Dhs)
Casque Bluetooth5.0 Music Headset Cat Ear Headphones Wireless,179.00 Dhs,Jumia,PC Portable,2025-02-01,Réduction 40% (ancien : 299.00 Dhs)
Callany Casque USB Microphones à réduction de bruit et confort toute la journée,239.00 Dhs,Jumia,PC Portable,2025-02-01,Réduction 32% (ancien : 349.00 Dhs)
TUCCI Casque USB Wire-controlled Stereo Bass Music Gaming pour PC,199.00 Dhs,Jumia,PC Portable,2025-02-01,Réduction 60% (ancien : 499.00 Dhs)
Écouteurs sans fil avec micro RGB LED casque Gamer bluetooth de chat mignonnes,179.00 Dhs,Jumia,PC Portable,2025-02-01,Réduction 49% (ancien : 350.00 Dhs)
Jabra UC Voice 750 Casque Professionnel MS HSC012,649.00 Dhs,Jumia,PC Portable,2025-02-01,Réduction 17% (ancien : 780.00 Dhs)
Logitech H390 Usb Computer Headset – Rose,329.00 Dhs,Jumia,PC Portable,2025-02-01,Réduction Boutique Officielle (ancien : 470.00 Dhs)
"Casque Audio D'écoute Sans Fil Wireless Lumière LED,Music,Jeux Head phones",179.00 Dhs,Jumia,PC Portable,2025-02-01,Réduction 22% (ancien : 229.00 Dhs)
Jabra BIZ™ 2400 II QD Duo NC Casque-micro Professionnel  ( 2409-820-204 ),"1,249.00 Dhs",Jumia,PC Portable,2025-02-01,"Réduction 65% (ancien : 3,599.00 Dhs)"
Logitech Zone 300 - OFF-WHITE - BT- EMEA28-935,749.00 Dhs,Jumia,PC Portable,2025-02-01,"Réduction Boutique Officielle (ancien : 1,198.00 Dhs)"
Razer Kraken X Mercury - Casque De Jeu Filaire Multi-plateforme Avec SON SURROUND 7.1,"1,290.00 Dhs",Jumia,PC Portable,2025-02-01,
Sony INZONE H3-MDR-G300/WZ E,"1,499.00 Dhs",Jumia,PC Portable,2025-02-01,
Casque Bluetooth5.0 Pour Chat Music Headset Cat Ear Headphones Wireless,179.00 Dhs,Jumia,PC Portable,2025-02-01,Réduction 22% (ancien : 229.00 Dhs)
Antonio Miro ÉCOUTEURS KELSI,80.00 Dhs,Jumia,PC Portable,2025-02-01,Réduction 42% (ancien : 139.00 Dhs)
Asus Casque gaming sans fil ROG STRIX GO 2.4 avec connexion USB-C 2.4 GHz,"1,800.00 Dhs",Jumia,PC Portable,2025-02-01,"Réduction Boutique Officielle (ancien : 2,900.00 Dhs)"
Havit Casque HV-H2105D Stéréo Musique Oreillette Filaire Pilote Prise Male Jack 3.5mm - Rouge\Noir,95.00 Dhs,Jumia,PC Portable,2025-02-01,Réduction 44% (ancien : 170.00 Dhs)
Sony H3 INZONE HEADBAND W/O BT,"1,149.00 Dhs",Jumia,PC Portable,2025-02-01,"Réduction 21% (ancien : 1,449.00 Dhs)"
"Poss  casque filaire avec microphone, pour adultes, étudiants et enfants, casque confortable pour ordinateur  portable, tablette et mobile – Noir",149.00 Dhs,Jumia,PC Portable,2025-02-01,Réduction 25% (ancien : 199.00 Dhs)
Callany Casque USB Microphones à réduction de bruit et confort toute la journée,239.00 Dhs,Jumia,PC Portable,2025-02-01,Réduction 60% (ancien : 599.00 Dhs)
Casque Bluetooth5.0 Pour Chat Music Headset Cat Ear Headphones Wireless,199.00 Dhs,Jumia,PC Portable,2025-02-01,Réduction 33% (ancien : 299.00 Dhs)
P9 Casque Bluetooth Sans Fil écouteur anti bruit Bluetooth,60.00 Dhs,Jumia,PC Portable,2025-02-01,
Jabra Evolve 20 MS Stéréo Micro-casque filaire USB,430.00 Dhs,Jumia,PC Portable,2025-02-01,Réduction 10% (ancien : 480.00 Dhs)
Nia Casque Bluetooth Q2 avec Microphone Radio FM support Micro SD / Auxiliaire NOIR,110.00 Dhs,Jumia,PC Portable,2025-02-01,Réduction 63% (ancien : 299.00 Dhs)
Nia Original NIA-Q1 Casque Bluetooth Microphone Radio FM support Micro SD Auxiliaire,79.00 Dhs,Jumia,PC Portable,2025-02-01,Réduction 61% (ancien : 200.00 Dhs)
P9 Casque Bluetooth Sans Fil écouteur anti bruit Bluetooth,60.00 Dhs,Jumia,PC Portable,2025-02-01,
Nia Casque Bluetooth Q1 avec Microphone Radio FM support Micro SD / Auxiliaire - noir,80.50 Dhs,Jumia,PC Portable,2025-02-01,Réduction 60% (ancien : 199.00 Dhs)
Casque Filaire USB Avec Micro Pour Centre D'appels De Bureau,129.00 Dhs,Jumia,PC Portable,2025-02-01,Réduction 35% (ancien : 199.00 Dhs)
"SODO Casque Bluetooth V5.0 sans fil GRIS, 250mAh 8 heures d'Appels et de Musique",199.00 Dhs,Jumia,PC Portable,2025-02-01,Réduction 80% (ancien : 999.00 Dhs)
Genius Casque cable audio pour pc,69.00 Dhs - 269.00 Dhs,Jumia,PC Portable,2025-02-01,Réduction 43% (ancien : 70.00 Dhs - 300.00 Dhs)
Nia Casque Bluetooth Q1 avec Microphone Radio FM support Micro SD / Auxiliaire - noir,88.00 Dhs,Jumia,PC Portable,2025-02-01,Réduction 32% (ancien : 129.00 Dhs)
Écouteurs sans fil avec micro RGB LED casque Gamer bluetooth de chat mignonnes,188.99 Dhs,Jumia,PC Portable,2025-02-01,
Jabra Evolve2 65 Flex link380a Ms Stéreo (26699-999-999),"2,999.00 Dhs",Jumia,PC Portable,2025-02-01,"Réduction 16% (ancien : 3,590.00 Dhs)"
Écouteurs sans fil avec micro RGB LED casque Gamer bluetooth de chat mignonnes,89.00 Dhs,Jumia,PC Portable,2025-02-01,Réduction 36% (ancien : 140.00 Dhs)
Jabra Evolve2 65 MS stéréo Black  (26599-999-899),"2,299.00 Dhs",Jumia,PC Portable,2025-02-01,"Réduction 43% (ancien : 4,000.00 Dhs)"
"Deep Bass Casque ecouteurs R5 sans fil bluetooth5.0 Stereo Support Carte TF 3,5 mm AUX IN -FM avec microphone",169.00 Dhs,Jumia,PC Portable,2025-02-01,Réduction 58% (ancien : 399.00 Dhs)
P9 Pack X2 Casque Bluetooth Sans Fil écouteur anti bruit Bluetooth 5.0,129.00 Dhs,Jumia,PC Portable,2025-02-01,
"Casque Bluetooth P9 Sans Fil, Ecouteur Bluetooth",79.00 Dhs,Jumia,PC Portable,2025-02-01,Réduction 28% (ancien : 109.00 Dhs)
Casque Filaire USB Avec Micro Pour Centre D'appels De Bureau,149.00 Dhs,Jumia,PC Portable,2025-02-01,Réduction 26% (ancien : 200.00 Dhs)
"Msi Casque gaming Immerse GH20 - Jack 3,5 mm",469.00 Dhs,Jumia,PC Portable,2025-02-01,Réduction 15% (ancien : 550.00 Dhs)
JBL Noise Wireless : Immersion Sonore Sans Limites,250.00 Dhs,Jumia,PC Portable,2025-02-01,
Nia Casque bluetooth Q1 Appel-lecteur Micro SD / TF-radio FM COPATIBLE AVEC SMARTPHONE & TABLETE,89.00 Dhs,Jumia,PC Portable,2025-02-01,Réduction 56% (ancien : 200.00 Dhs)
Sanag Casque sans Fil-Bluetooth-Radio-carte-Rouge/Blanc/vert/Noir/Bleu,200.00 Dhs,Jumia,PC Portable,2025-02-01,
Case Bluetooth Sans Fil écouteur anti bruit Bluetooth P9,79.00 Dhs,Jumia,PC Portable,2025-02-01,Réduction 34% (ancien : 120.00 Dhs)
Jabra Casque Evolve 20 USB stéréo avec micro anti-bruit,790.00 Dhs,Jumia,PC Portable,2025-02-01,
Casque Filaire USB Avec Micro Pour Centre D'appels De Bureau,189.00 Dhs,Jumia,PC Portable,2025-02-01,Réduction 21% (ancien : 239.00 Dhs)
Casque pour ordinateur avec microphone // Stéréo Oreillette (Sans Amballage),79.00 Dhs,Jumia,PC Portable,2025-02-01,Réduction 34% (ancien : 119.00 Dhs)
"P9 Zagreb Casque Bluetooth sans fil avec micro, anti bruit avec Entrée jack et Carte SD",69.96 Dhs,Jumia,PC Portable,2025-02-01,Réduction 53% (ancien : 150.00 Dhs)
T'nB SPORT CLIP - Casque clip - Noir/Jaune,99.00 Dhs,Jumia,PC Portable,2025-02-01,Réduction 18% (ancien : 120.00 Dhs)
Nia Casque Bluetooth Microphone Radio FM support Micro SD Auxiliaire,85.00 Dhs,Jumia,PC Portable,2025-02-01,
Hp Gaming casque H220GS Casque filaire Noir,250.00 Dhs,Jumia,PC Portable,2025-02-01,Réduction 52% (ancien : 520.00 Dhs)
Casque De Jeu usb STÉRÉO Omnidirectionnel Micro Antibruit Sur L'oreille Micro,195.00 Dhs,Jumia,PC Portable,2025-02-01,Réduction 39% (ancien : 320.00 Dhs)
"Casque de jeu E-sport 7.1, canal d'écoute de la voix, basses choquantes ,PS4, PS3, XBOX, TEL, PC",79.00 Dhs,Jumia,PC Portable,2025-02-01,
Jabra EVOLVE 30 II,"1,300.00 Dhs",Jumia,PC Portable,2025-02-01,
Écouteurs oreilles de chat Sans fil Casque de musique Bluetooth,300.00 Dhs,Jumia,PC Portable,2025-02-01,
Ampli Kisonli L-6060 Gaming Speakers with RGB PC Computer Stereo Speaker Channel USB,199.00 Dhs,Jumia,PC Portable,2025-02-01,
XIAOMI Casque sans fil Mi,245.00 Dhs,Jumia,PC Portable,2025-02-01,Réduction 16% (ancien : 290.00 Dhs)
Casque Bluetooth5.0 Pour Chat Music Headset Cat Ear Headphones Wireless-ROSE-,144.99 Dhs,Jumia,PC Portable,2025-02-01,Réduction 34% (ancien : 219.00 Dhs)
"Sony Casque Baladeur Filaire , MDR-ZX110AP - Noir",199.00 Dhs,Jumia,PC Portable,2025-02-01,
"Casque Bluetooth  Sans Fil, Ecouteur Bluetooth",79.00 Dhs,Jumia,PC Portable,2025-02-01,Réduction 34% (ancien : 120.00 Dhs)
"Sony Casque Baladeur Filaire , MDRZX110AP- Blanc",169.00 Dhs,Jumia,PC Portable,2025-02-01,Réduction 15% (ancien : 199.00 Dhs)
"Casque D'écoute Sans Fil Bluetooth Lumière LED,Music,Jeux Cat Ear",114.00 Dhs,Jumia,PC Portable,2025-02-01,Réduction 12% (ancien : 130.00 Dhs)
"P9 Casque Bluetooth P9 Sans Fil, Ecouteur Bluetooth 5.0",84.00 Dhs,Jumia,PC Portable,2025-02-01,Réduction 44% (ancien : 150.00 Dhs)
"Onikuma casque de jeu filaire onikuma K5 Pro, avec Microphone, basses choquantes",229.00 Dhs,Jumia,PC Portable,2025-02-01,Réduction 73% (ancien : 849.00 Dhs)
Hp Poly Blackwire 3220 Stereo Headset USB-C/A (8X228AA),499.00 Dhs,Jumia,PC Portable,2025-02-01,Réduction 39% (ancien : 816.00 Dhs)
Hp Casque Bluetooth 500 (2J875AA),690.00 Dhs,Jumia,PC Portable,2025-02-01,Réduction 22% (ancien : 890.00 Dhs)
Audio Cable 3.5mm Male To 6.5mm Connector Adapter For Tablet PC iPod MP3 1.5cm,99.00 Dhs,Jumia,PC Portable,2025-02-01,Réduction 38% (ancien : 159.00 Dhs)
Jedel Casque Stereo avec Microphone filaire pour PC,59.00 Dhs,Jumia,PC Portable,2025-02-01,
Nia Casque Wireless Bluetooth Android - Apple Avec Lecteur Micro SD - FM Radio,299.00 Dhs,Jumia,PC Portable,2025-02-01,
Rapoo Casque Gaming VH500C 7.1 RGB,600.00 Dhs,Jumia,PC Portable,2025-02-01,
Casque OAKORN OK-222 // Casque pour ordinateur avec microphone MP3 Mode casque // Fi Stéréo Oreillette Filaire - Rouge\Noir,80.00 Dhs,Jumia,PC Portable,2025-02-01,
"Deep Bass Casque ecouteurs R5 sans fil bluetooth5.0 Stereo Support Carte TF 3,5 mm AUX IN -FM avec microphone",169.00 Dhs,Jumia,PC Portable,2025-02-01,Réduction 27% (ancien : 230.00 Dhs)
P9 Casque Stéréo Bluetooth 5.0 avec micro d'Appels et de Musique et sport,149.00 Dhs,Jumia,PC Portable,2025-02-01,Réduction 26% (ancien : 200.00 Dhs)
Jabra Casque avec micro usb anti-bruit,650.00 Dhs,Jumia,PC Portable,2025-02-01,
SONOS ACE Casque Audio,"4,999.00 Dhs",Jumia,PC Portable,2025-02-01,
Gaming Headset  GAME PLAYERLED Luminous super bass,159.00 Dhs,Jumia,PC Portable,2025-02-01,
Xiberia Gaming Headphone   X6U 7.1 Blue LED Luminous Vibration   2.5M Earphone,159.00 Dhs,Jumia,PC Portable,2025-02-01,
Jabra EVOLVE2 65  MICRO-CASQUE BLUETOOTH  MS Stereo - Headset,"2,690.00 Dhs",Jumia,PC Portable,2025-02-01,"Réduction 7% (ancien : 2,890.00 Dhs)"
Casque bluetooth DeepBass R12 BLANC + Cable auxiliar Gratuit,189.00 Dhs,Jumia,PC Portable,2025-02-01,
"P9 Casque Bluetooth P9 Sans Fil, Ecouteur Bluetooth 5.0",70.00 Dhs,Jumia,PC Portable,2025-02-01,Réduction 26% (ancien : 95.00 Dhs)
Itel Casque sans fil Bluetooth N82 pliables suppression du bruit des basses,169.00 Dhs,Jumia,PC Portable,2025-02-01,Réduction 15% (ancien : 199.00 Dhs)
Sony PlayStation PULSE Explore Compatible Mac Android et PC,"2,990.00 Dhs",Jumia,PC Portable,2025-02-01,
"P9 Casque Bluetooth P9 Sans Fil, Ecouteur Bluetooth 5.0",85.00 Dhs,Jumia,PC Portable,2025-02-01,Réduction 43% (ancien : 150.00 Dhs)
Earphone Casque sans fil bluetooth Mz-09,149.00 Dhs - 249.00 Dhs,Jumia,PC Portable,2025-02-01,Réduction 40% (ancien : 249.00 Dhs)
Nia Casque Bluetooth Q1 avec Microphone Radio FM support Micro SD / Auxiliaire - noir,89.00 Dhs,Jumia,PC Portable,2025-02-01,Réduction 64% (ancien : 250.00 Dhs)
Sony Casque ZX110 Avec Fil Noir,195.00 Dhs,Jumia,PC Portable,2025-02-01,Réduction 21% (ancien : 248.00 Dhs)
Jabra EVOLVE2 30,"1,800.00 Dhs",Jumia,PC Portable,2025-02-01,
Casque pour ordinateur avec microphone MP3 Mode casque // Sans Amballage,79.00 Dhs,Jumia,PC Portable,2025-02-01,Réduction 34% (ancien : 119.00 Dhs)
Casque Bluetooth5.0 Pour Chat Music Headset Cat Ear Headphones Wireless,145.00 Dhs,Jumia,PC Portable,2025-02-01,
Nia Casque Wireless Bluetooth Android - Apple Avec Lecteur Micro SD - FM Radio -,86.80 Dhs,Jumia,PC Portable,2025-02-01,Réduction 65% (ancien : 249.00 Dhs)
"Casque Bluetooth P9 Sans Fil, Ecouteur Bluetooth 5.0",78.00 Dhs,Jumia,PC Portable,2025-02-01,Réduction 35% (ancien : 120.00 Dhs)
"Casque sans fil bluetooth 5.0, casque d'écoute pliable avec micro, adaptateur USB pour iPhone",149.00 Dhs,Jumia,PC Portable,2025-02-01,Réduction 25% (ancien : 199.00 Dhs)
JBL Casque Tune 510 BT,609.00 Dhs,Jumia,PC Portable,2025-02-01,Réduction 6% (ancien : 649.00 Dhs)
"Casque Bluetooth stéréo Wireless , 250 MAh 6 heures Sport d'Appels et de Musique",162.00 Dhs,Jumia,PC Portable,2025-02-01,Réduction 46% (ancien : 299.00 Dhs)
"Logitech Zone Vibe 100 Casque d'écoute léger sans fil avec Micro anti-bruit de fond, Écouteurs Bluetooth multipoint avancés, Fonctionne avec Teams, Google Meet, Zoom, Mac/PC- Graphite",999.00 Dhs,Jumia,PC Portable,2025-02-01,"Réduction 50% (ancien : 1,999.00 Dhs)"
Jabra Casque  6399-823-109,"1,700.00 Dhs",Jumia,PC Portable,2025-02-01,
Casque Bluetooth Sans Fil écouteur anti bruit Bluetooth compatible 5.0,89.00 Dhs,Jumia,PC Portable,2025-02-01,Réduction 10% (ancien : 99.00 Dhs)
Sony CASQUE  MDR-XB70BTLZE,"1,250.00 Dhs",Jumia,PC Portable,2025-02-01,
"Casque Bluetooth V5.0 Wireless , batterie 12 heures de Musique et sport",120.00 Dhs,Jumia,PC Portable,2025-02-01,Réduction 52% (ancien : 249.00 Dhs)
Sony CASQUE  MDRZX110/WC,400.00 Dhs,Jumia,PC Portable,2025-02-01,
Casque bluetooth DeepBass R4 VERT + Cable auxiliar Gratuit,189.00 Dhs,Jumia,PC Portable,2025-02-01,
Nia Casque Bluetooth Q2 avec Microphone Radio FM support Micro SD / Auxiliaire,114.00 Dhs,Jumia,PC Portable,2025-02-01,Réduction 62% (ancien : 299.00 Dhs)
Casque bluetooth DeepBass R12 BLEU + Cable auxiliar Gratuit,189.00 Dhs,Jumia,PC Portable,2025-02-01,
"Casque Bluetooth Sans Fil P47, Sport, Jeu ...",139.00 Dhs,Jumia,PC Portable,2025-02-01,Réduction 26% (ancien : 189.00 Dhs)
XIAOMI Casque sans fil mi AM-7500,229.00 Dhs,Jumia,PC Portable,2025-02-01,Réduction 21% (ancien : 290.00 Dhs)
Nia Casque Bluetooth Q1 avec Microphone Radio FM support Micro SD  Auxiliaire - noir,87.60 Dhs,Jumia,PC Portable,2025-02-01,
Nia Casque Bluetooth Q1 avec Microphone Radio FM support Micro SD / Auxiliaire - noir,119.00 Dhs,Jumia,PC Portable,2025-02-01,Réduction 60% (ancien : 299.00 Dhs)
Casque Gaming Celebrat GM-2 Noir,339.00 Dhs,Jumia,PC Portable,2025-02-01,
T'nB Casque BE Color   brazil edition,130.00 Dhs,Jumia,PC Portable,2025-02-01,
Deep Bass SUPER CASQUE MICRO EXTRA BASS BLUETOOTH-FM RADIO,154.00 Dhs,Jumia,PC Portable,2025-02-01,Réduction 64% (ancien : 429.00 Dhs)
Hp Gaming casque H220GS Casque filaire Noir,250.00 Dhs,Jumia,PC Portable,2025-02-01,Réduction 52% (ancien : 520.00 Dhs)
Le plus récent casque sans fil oreille de chat 5.0 casque Bluetooth,199.00 Dhs,Jumia,PC Portable,2025-02-01,Réduction 31% (ancien : 290.00 Dhs)
Deep Bass Casque Bluetooth V5.0 + EDR sans Fil Free Music-TSuppor TF Card-FM-Audio input,250.00 Dhs,Jumia,PC Portable,2025-02-01,
Nia Casque Bluetooth NIA Q1 avec Microphone Radio FM support Micro SD / Auxiliaire - noir,112.00 Dhs,Jumia,PC Portable,2025-02-01,
Casque USB avec Microphone pour PC,129.00 Dhs,Jumia,PC Portable,2025-02-01,Réduction 32% (ancien : 190.00 Dhs)
Deep Bass Casque Gamer Sans fil bluetooth casque  playstation RGB R10 sticker,265.00 Dhs,Jumia,PC Portable,2025-02-01,
Nia Casque Bluetooth Android - Apple Avec Lecteur Micro SD - FM Radio,99.00 Dhs,Jumia,PC Portable,2025-02-01,Réduction 23% (ancien : 129.00 Dhs)
Deep Bass Casque Bluetooth V 4.2 + EDR sans fil R3,157.00 Dhs,Jumia,PC Portable,2025-02-01,
Energy Sistem Casque Bluetooth Style 3 DENIM,649.00 Dhs,Jumia,PC Portable,2025-02-01,Réduction 35% (ancien : 999.00 Dhs)
Havic Casque Pro avec Microphone HV234 + ADAPTATEUR TYPE C GRATUITS,119.00 Dhs,Jumia,PC Portable,2025-02-01,
P9 Casque stéréo sans fil avec microphone compatible Bluetooth 5.0,59.00 Dhs,Jumia,PC Portable,2025-02-01,Réduction 74% (ancien : 229.00 Dhs)
"SODO Casque Bluetooth 1008  V5.0 sans fil,400 mAh 8 heures d'Appels et de Musique",119.00 Dhs,Jumia,PC Portable,2025-02-01,Réduction 60% (ancien : 299.00 Dhs)
Plantronics EncorePro 710 Micro-casque 1 écouteur avec technologie anti-bruit Soundguard,499.00 Dhs,Jumia,PC Portable,2025-02-01,Réduction 50% (ancien : 999.00 Dhs)
écouteur Gamer avec microphones,439.00 Dhs,Jumia,PC Portable,2025-02-01,
Casque Filaire USB Avec Micro Pour Centre D'appels De Bureau sans bruit,189.00 Dhs,Jumia,PC Portable,2025-02-01,
Nia Casque Wireless Bluetooth Android - Apple Avec Lecteur Micro SD - FM Radio -,99.00 Dhs,Jumia,PC Portable,2025-02-01,Réduction 60% (ancien : 249.00 Dhs)
"Casque D'écoute Sans Fil Bluetooth Lumière LED,Music,Jeux Cat Ear Head phones",135.00 Dhs,Jumia,PC Portable,2025-02-01,
Jabra Casque-micro Evolve 20 MS Stereo - USB (4999-823-109),509.00 Dhs,Jumia,PC Portable,2025-02-01,Réduction 27% (ancien : 700.00 Dhs)
"P9 Casque Bluetooth  Sans Fil, Ecouteur Bluetooth",80.00 Dhs - 150.00 Dhs,Jumia,PC Portable,2025-02-01,Réduction 47% (ancien : 150.00 Dhs)
"Casque BluetoothP47  5.0, s&eacute;rie pliante, casque de jeu de sport sans fil",139.00 Dhs,Jumia,PC Portable,2025-02-01,Réduction 26% (ancien : 189.00 Dhs)
Sony Casque RF sans fil MDR-RF895RK,985.00 Dhs,Jumia,PC Portable,2025-02-01,"Réduction 32% (ancien : 1,450.00 Dhs)"
Jodi Casque de Jeu GH-200 avec Microphone Pour Gamer,199.00 Dhs,Jumia,PC Portable,2025-02-01,Réduction 34% (ancien : 300.00 Dhs)
"P9 Casque Bluetooth P9 Sans Fil, Ecouteur Bluetooth 5.0",85.00 Dhs,Jumia,PC Portable,2025-02-01,Réduction 43% (ancien : 150.00 Dhs)
T'nB RUN'UP - Ecouteurs tour d'oreille water resistant avec kit piéton - Vert,70.00 Dhs,Jumia,PC Portable,2025-02-01,Réduction 36% (ancien : 110.00 Dhs)
Philips Nouveau SHM2100U casque tour d'oreille avec micro Chat pour PC Ordinateur Portable,189.00 Dhs,Jumia,PC Portable,2025-02-01,Réduction 46% (ancien : 349.00 Dhs)
casaque pods max,599.00 Dhs,Jumia,PC Portable,2025-02-01,
"Deep Bass Casque Deep. Bass R8 Casque pliables Sans Fil Bluetooth Hifi, Stéréo, Mains Libres et Aux, suppression du bruit",349.00 Dhs,Jumia,PC Portable,2025-02-01,
Nia  Casque Bluetooth  Q1 avec Microphone Radio FM support Micro SD / Auxiliaire - noir,88.00 Dhs,Jumia,PC Portable,2025-02-01,Réduction 31% (ancien : 128.00 Dhs)
Jabra EVOLVE2 40SE,"2,200.00 Dhs",Jumia,PC Portable,2025-02-01,
Sennheiser CASQUE PROFESSIONNEL PC8,650.00 Dhs,Jumia,PC Portable,2025-02-01,
"P9 Casque Bluetooth P9 Sans Fil, Ecouteur Bluetooth 5.0",85.00 Dhs,Jumia,PC Portable,2025-02-01,Réduction 43% (ancien : 150.00 Dhs)
VT casque X200 Pro USB,780.00 Dhs,Jumia,PC Portable,2025-02-01,Réduction 21% (ancien : 990.00 Dhs)
"P9 Casque Bluetooth P9 Sans Fil, Ecouteur Bluetooth 5.0",86.00 Dhs,Jumia,PC Portable,2025-02-01,Réduction 43% (ancien : 150.00 Dhs)
"Casque Filaire, Ecouteurs Stéréo avec Micro - Noir",120.00 Dhs,Jumia,PC Portable,2025-02-01,
Energy Sistem Casque Bluetooth Headphones BT Urban 2,629.00 Dhs,Jumia,PC Portable,2025-02-01,Réduction 37% (ancien : 999.00 Dhs)
"Jedel Haut Parleur Gamer Baffes Haut Parleurs Gaming RGB, USB Pour PC portable Ordinateur",194.65 Dhs,Jumia,PC Portable,2025-02-01,Réduction 15% (ancien : 229.00 Dhs)
Nia Casque bluetooth Appel-lecteur Micro SD /radio FM COPATIBLE AVEC SMARTPHONE...,189.00 Dhs,Jumia,PC Portable,2025-02-01,Réduction 14% (ancien : 220.00 Dhs)
SONOS ACE Casque Audio,"4,999.00 Dhs",Jumia,PC Portable,2025-02-01,
Casque SRH440A,"1,350.00 Dhs",Jumia,PC Portable,2025-02-01,"Réduction 18% (ancien : 1,650.00 Dhs)"
Rapoo casque H120,399.00 Dhs,Jumia,PC Portable,2025-02-01,Réduction 20% (ancien : 499.00 Dhs)
Casque Bluetooth5.0 Pour Chat Music Headset Cat Ear Headphones Wireless,165.00 Dhs,Jumia,PC Portable,2025-02-01,
First Casque micro léger  - T'nB,70.00 Dhs,Jumia,PC Portable,2025-02-01,Réduction 22% (ancien : 90.00 Dhs)
T'nB SPORT PERFORMER - Casque tour de cou flexible + kit piéton - Noir/Jaune,99.00 Dhs,Jumia,PC Portable,2025-02-01,Réduction 21% (ancien : 125.00 Dhs)
"Casque Bluetooth pour enfants, casque sans fil pliable avec lampes de poche LED lumineuses, Bluetooth 5.0 pour enfants avec microphone et contrôle du volume, emplacement pour carte pour PC/tablettes/TV (ROSE)",179.00 Dhs,Jumia,PC Portable,2025-02-01,Réduction 28% (ancien : 250.00 Dhs)
Casque P9 PLUS  bluetooth ROUGE + Cable auxiliar Gratuit,129.00 Dhs,Jumia,PC Portable,2025-02-01,
Azami Tech Casque AVEC MICRO Pour PC,85.00 Dhs,Jumia,PC Portable,2025-02-01,
"Havic Casque Havic-PRO avec Microphone et Câble Jack - Idéal pour Télétravail, Centres d'Appels et Musique",63.00 Dhs,Jumia,PC Portable,2025-02-01,Réduction 47% (ancien : 119.00 Dhs)
Nia Casque Originale 4 en 1 Bluetooth Q1 Lecture de carte Micro SD / TF + FM,85.00 Dhs,Jumia,PC Portable,2025-02-01,Réduction 14% (ancien : 99.00 Dhs)
casque Bluetooth Sans Fil Oreil de Chats couleur pour Enfants et Filles,160.00 Dhs,Jumia,PC Portable,2025-02-01,Réduction 20% (ancien : 199.00 Dhs)
Casque P9 PLUS bluetooth BLEU + Cable auxiliar Gratuit,129.00 Dhs,Jumia,PC Portable,2025-02-01,
"Oreilles de chat Bluetooth sans fil avec support microphone, écouteurs mignons, casque. Absorption supplémentaire, lampe flash, écouteurs pour enfants, cadeau d'anniversaire pour fille",195.00 Dhs,Jumia,PC Portable,2025-02-01,Réduction 28% (ancien : 270.00 Dhs)
DELL  Casque UC350 74J6M Pro Stereo USB-A,759.00 Dhs,Jumia,PC Portable,2025-02-01,Réduction 24% (ancien : 999.00 Dhs)
DELL Casque UC350 74J6M Pro Stereo USB-A,987.00 Dhs,Jumia,PC Portable,2025-02-01,"Réduction 37% (ancien : 1,559.00 Dhs)"
Poly CASQUE BLACKWIRE C3220-USB-A,"1,200.00 Dhs",Jumia,PC Portable,2025-02-01,
Areej Casque Audio stéréo Filaire avec Micro- Jack 3.5mm pour Pc-Smartphones,148.00 Dhs,Jumia,PC Portable,2025-02-01,Réduction 41% (ancien : 249.00 Dhs)
Casque Filaire avec Microphone et Son Stéréo,99.00 Dhs,Jumia,PC Portable,2025-02-01,
Energy Sistem Super Casque Bluetooth avec radio FM,699.00 Dhs,Jumia,PC Portable,2025-02-01,Réduction 30% (ancien : 999.00 Dhs)
Panasonic CASQUE  RP-TCA400,650.00 Dhs,Jumia,PC Portable,2025-02-01,
CASQUE SANS FIL P47M CAT,149.00 Dhs,Jumia,PC Portable,2025-02-01,
Sennheiser CASQUE PROFESSIONNEL PC7,650.00 Dhs,Jumia,PC Portable,2025-02-01,
Nia Casque Wireless Bluetooth Android - Apple Avec Lecteur Micro SD - FM Radio,139.00 Dhs,Jumia,PC Portable,2025-02-01,
Havit HV-H2193U Casque Usb Digital avec Telecomande/Jeu-Stéréo-Microphone,258.00 Dhs,Jumia,PC Portable,2025-02-01,Réduction 48% (ancien : 499.00 Dhs)
Olympus CASQUE STEREO DE TRANSCRIPTION  E102,600.00 Dhs,Jumia,PC Portable,2025-02-01,
Logitech Casque USB Logitech H390 - Antibruit,490.00 Dhs,Jumia,PC Portable,2025-02-01,
